item_id,stage,milestone_id,org_id,outcome,first_fired.process_tracked,first_fired.hollow_owner,first_fired.gate_unassigned,first_fired.cross_org,first_fired.prior_slip,first_fired.org_overcommitted,first_fired.late_target
k8s:kep-1258,alpha,k8s:v1.19,k8s:sig-scheduling,shipped,,2020-05-18T23:59:59+00:00,2020-06-15T23:59:59+00:00,,,,2020-05-18T23:59:59+00:00
k8s:kep-1412,beta,k8s:v1.19,k8s:sig-storage,shipped,,,2020-06-15T23:59:59+00:00,2020-05-18T23:59:59+00:00,,,2020-05-18T23:59:59+00:00
k8s:kep-1432,alpha,k8s:v1.19,k8s:sig-storage,slipped,2020-07-06T23:59:59+00:00,,2020-06-15T23:59:59+00:00,,,,2020-05-18T23:59:59+00:00
k8s:kep-1451,beta,k8s:v1.19,k8s:sig-scheduling,shipped,,,2020-06-15T23:59:59+00:00,,,,2020-05-25T23:59:59+00:00
k8s:kep-1472,alpha,k8s:v1.19,k8s:sig-storage,shipped,,,2020-06-15T23:59:59+00:00,2020-05-25T23:59:59+00:00,,,2020-05-25T23:59:59+00:00
k8s:kep-1682,alpha,k8s:v1.19,k8s:sig-storage,shipped,,,2020-06-15T23:59:59+00:00,,,,2020-05-25T23:59:59+00:00
k8s:kep-1698,alpha,k8s:v1.19,k8s:sig-storage,shipped,,,2020-06-15T23:59:59+00:00,,,,2020-05-25T23:59:59+00:00
k8s:kep-1710,alpha,k8s:v1.19,k8s:sig-storage,slipped,,,2020-06-15T23:59:59+00:00,2020-05-25T23:59:59+00:00,,,2020-05-25T23:59:59+00:00
k8s:kep-1739,alpha,k8s:v1.19,k8s:sig-cluster-lifecycle,unresolved,,,2020-06-15T23:59:59+00:00,,,,2020-05-18T23:59:59+00:00
k8s:kep-1790,alpha,k8s:v1.19,k8s:sig-storage,slipped,,,2020-06-15T23:59:59+00:00,2020-05-25T23:59:59+00:00,,,2020-05-25T23:59:59+00:00
k8s:kep-266,stable,k8s:v1.19,k8s:sig-auth,shipped,,,2020-06-15T23:59:59+00:00,2020-05-18T23:59:59+00:00,,,2020-05-18T23:59:59+00:00
k8s:kep-695,beta,k8s:v1.19,k8s:sig-storage,slipped,2020-06-15T23:59:59+00:00,,2020-06-15T23:59:59+00:00,2020-05-18T23:59:59+00:00,,,2020-05-18T23:59:59+00:00
k8s:kep-785,beta,k8s:v1.19,k8s:sig-scheduling,shipped,,,2020-06-15T23:59:59+00:00,2020-05-25T23:59:59+00:00,,,2020-05-25T23:59:59+00:00
k8s:kep-895,stable,k8s:v1.19,k8s:sig-scheduling,shipped,,,2020-06-15T23:59:59+00:00,2020-05-25T23:59:59+00:00,,,2020-05-25T23:59:59+00:00
k8s:kep-902,beta,k8s:v1.19,k8s:sig-scheduling,shipped,,,2020-06-15T23:59:59+00:00,,,,2020-05-25T23:59:59+00:00
k8s:kep-1001,stable,k8s:v1.20,k8s:sig-windows,shipped,,,2020-10-19T23:59:59+00:00,,,,2020-10-05T23:59:59+00:00
k8s:kep-1020,stable,k8s:v1.20,k8s:sig-cli,shipped,,,2020-10-19T23:59:59+00:00,,,,2020-10-05T23:59:59+00:00
k8s:kep-1164,beta,k8s:v1.20,k8s:sig-api-machinery,shipped,,2020-10-19T23:59:59+00:00,2020-10-19T23:59:59+00:00,2020-09-14T23:59:59+00:00,,,
k8s:kep-1258,beta,k8s:v1.20,k8s:sig-scheduling,shipped,,2020-09-14T23:59:59+00:00,2020-10-19T23:59:59+00:00,,,,
k8s:kep-1432,beta,k8s:v1.20,k8s:sig-storage,slipped,2020-09-14T23:59:59+00:00,2020-09-14T23:59:59+00:00,2020-10-19T23:59:59+00:00,,,2020-09-14T23:59:59+00:00,
k8s:kep-1441,beta,k8s:v1.20,k8s:sig-cli,shipped,,,2020-10-19T23:59:59+00:00,2020-10-05T23:59:59+00:00,,,2020-10-05T23:59:59+00:00
k8s:kep-1507,stable,k8s:v1.20,k8s:sig-network,shipped,,,2020-10-19T23:59:59+00:00,,,,2020-10-12T23:59:59+00:00
k8s:kep-1591,alpha,k8s:v1.20,k8s:sig-apps,slipped,,,2020-10-19T23:59:59+00:00,2020-10-05T23:59:59+00:00,,,2020-10-05T23:59:59+00:00
k8s:kep-1602,beta,k8s:v1.20,k8s:sig-instrumentation,slipped,2020-09-14T23:59:59+00:00,2020-09-14T23:59:59+00:00,2020-10-19T23:59:59+00:00,2020-09-14T23:59:59+00:00,,,
k8s:kep-1682,beta,k8s:v1.20,k8s:sig-storage,shipped,2020-09-14T23:59:59+00:00,2020-09-14T23:59:59+00:00,2020-10-19T23:59:59+00:00,,,2020-09-14T23:59:59+00:00,
k8s:kep-1710,beta,k8s:v1.20,k8s:sig-storage,slipped,2020-09-14T23:59:59+00:00,2020-09-14T23:59:59+00:00,2020-10-19T23:59:59+00:00,2020-09-14T23:59:59+00:00,,2020-09-14T23:59:59+00:00,
k8s:kep-1739,beta,k8s:v1.20,k8s:sig-cluster-lifecycle,slipped,2020-09-14T23:59:59+00:00,2020-09-14T23:59:59+00:00,2020-10-19T23:59:59+00:00,,,,
k8s:kep-1769,alpha,k8s:v1.20,k8s:sig-node,slipped,,,2020-10-19T23:59:59+00:00,,,,2020-10-05T23:59:59+00:00
k8s:kep-177,stable,k8s:v1.20,k8s:sig-storage,shipped,,,2020-10-19T23:59:59+00:00,,,2020-09-14T23:59:59+00:00,
k8s:kep-1790,beta,k8s:v1.20,k8s:sig-storage,slipped,2020-09-14T23:59:59+00:00,2020-09-14T23:59:59+00:00,2020-10-19T23:59:59+00:00,2020-09-14T23:59:59+00:00,,2020-09-14T23:59:59+00:00,
k8s:kep-1797,beta,k8s:v1.20,k8s:sig-node,shipped,,,2020-10-19T23:59:59+00:00,2020-10-05T23:59:59+00:00,,,2020-10-05T23:59:59+00:00
k8s:kep-1845,alpha,k8s:v1.20,k8s:sig-storage,unresolved,2020-09-14T23:59:59+00:00,2020-09-14T23:59:59+00:00,2020-10-19T23:59:59+00:00,2020-09-14T23:59:59+00:00,,2020-09-14T23:59:59+00:00,
k8s:kep-1864,stable,k8s:v1.20,k8s:sig-network,slipped,2020-09-14T23:59:59+00:00,2020-09-14T23:59:59+00:00,2020-10-19T23:59:59+00:00,2020-09-14T23:59:59+00:00,,,
k8s:kep-1867,beta,k8s:v1.20,k8s:sig-node,shipped,,,2020-10-19T23:59:59+00:00,,2020-10-05T23:59:59+00:00,,2020-10-05T23:59:59+00:00
k8s:kep-1884,stable,k8s:v1.20,k8s:sig-node,slipped,2020-10-12T23:59:59+00:00,,2020-10-19T23:59:59+00:00,,,,2020-10-12T23:59:59+00:00
k8s:kep-1898,alpha,k8s:v1.20,k8s:sig-node,unresolved,2020-11-09T23:59:59+00:00,,2020-10-19T23:59:59+00:00,2020-10-05T23:59:59+00:00,,,2020-10-05T23:59:59+00:00
k8s:kep-1900,stable,k8s:v1.20,k8s:sig-storage,shipped,2020-10-05T23:59:59+00:00,,2020-10-19T23:59:59+00:00,,,2020-10-05T23:59:59+00:00,2020-10-05T23:59:59+00:00
k8s:kep-1904,alpha,k8s:v1.20,k8s:sig-api-machinery,shipped,,2020-10-12T23:59:59+00:00,2020-10-19T23:59:59+00:00,2020-09-14T23:59:59+00:00,,,
k8s:kep-1929,stable,k8s:v1.20,k8s:sig-api-machinery,shipped,,,2020-10-19T23:59:59+00:00,,,,2020-10-05T23:59:59+00:00
k8s:kep-1933,alpha,k8s:v1.20,k8s:sig-instrumentation,unresolved,,2020-10-12T23:59:59+00:00,2020-10-19T23:59:59+00:00,2020-10-12T23:59:59+00:00,,,2020-10-12T23:59:59+00:00
k8s:kep-1965,alpha,k8s:v1.20,k8s:sig-api-machinery,unresolved,,,2020-10-19T23:59:59+00:00,,,,2020-09-21T23:59:59+00:00
k8s:kep-1967,alpha,k8s:v1.20,k8s:sig-node,unresolved,,2020-11-09T23:59:59+00:00,2020-10-19T23:59:59+00:00,2020-09-14T23:59:59+00:00,,,
k8s:kep-1972,stable,k8s:v1.20,k8s:sig-node,slipped,,2020-11-09T23:59:59+00:00,2020-10-19T23:59:59+00:00,,,,2020-10-05T23:59:59+00:00
k8s:kep-2000,alpha,k8s:v1.20,k8s:sig-node,shipped,,,2020-10-19T23:59:59+00:00,,,,2020-10-05T23:59:59+00:00
k8s:kep-2040,beta,k8s:v1.20,k8s:sig-node,slipped,,,2020-10-19T23:59:59+00:00,,,,2020-10-05T23:59:59+00:00
k8s:kep-2053,alpha,k8s:v1.20,k8s:sig-node,unresolved,,,2020-10-19T23:59:59+00:00,,,,2020-10-12T23:59:59+00:00
k8s:kep-585,stable,k8s:v1.20,k8s:sig-node,shipped,,,2020-10-19T23:59:59+00:00,2020-10-12T23:59:59+00:00,,,2020-10-12T23:59:59+00:00
k8s:kep-606,stable,k8s:v1.20,k8s:sig-node,slipped,,,2020-10-19T23:59:59+00:00,,,,2020-10-05T23:59:59+00:00
k8s:kep-695,beta,k8s:v1.20,k8s:sig-storage,unresolved,,,2020-10-19T23:59:59+00:00,2020-10-05T23:59:59+00:00,2020-10-05T23:59:59+00:00,2020-10-05T23:59:59+00:00,2020-10-05T23:59:59+00:00
k8s:kep-752,stable,k8s:v1.20,k8s:sig-network,slipped,2020-09-14T23:59:59+00:00,2020-09-14T23:59:59+00:00,2020-10-19T23:59:59+00:00,,,,
k8s:kep-1164,stable,k8s:v1.21,k8s:sig-api-machinery,slipped,2021-01-11T23:59:59+00:00,2021-01-11T23:59:59+00:00,2021-02-15T23:59:59+00:00,2021-01-11T23:59:59+00:00,,2021-01-11T23:59:59+00:00,
k8s:kep-1205,beta,k8s:v1.21,k8s:sig-auth,unresolved,2021-01-18T23:59:59+00:00,,,,,2021-01-18T23:59:59+00:00,
k8s:kep-1209,stable,k8s:v1.21,k8s:sig-instrumentation,exception_granted,2021-02-01T23:59:59+00:00,,,2021-02-01T23:59:59+00:00,,,2021-02-01T23:59:59+00:00
k8s:kep-1295,stable,k8s:v1.21,k8s:sig-api-machinery,shipped,,,,2021-01-25T23:59:59+00:00,,2021-01-25T23:59:59+00:00,2021-01-25T23:59:59+00:00
k8s:kep-1393,stable,k8s:v1.21,k8s:sig-auth,shipped,2021-02-01T23:59:59+00:00,,,,,2021-02-01T23:59:59+00:00,2021-02-01T23:59:59+00:00
k8s:kep-1412,stable,k8s:v1.21,k8s:sig-storage,shipped,2021-01-11T23:59:59+00:00,2021-02-22T23:59:59+00:00,,2021-01-11T23:59:59+00:00,,2021-01-11T23:59:59+00:00,
k8s:kep-1432,alpha,k8s:v1.21,k8s:sig-storage,unresolved,,,,,2021-02-15T23:59:59+00:00,2021-02-15T23:59:59+00:00,2021-02-15T23:59:59+00:00
k8s:kep-1435,beta,k8s:v1.21,k8s:sig-network,slipped,2021-01-11T23:59:59+00:00,2021-01-11T23:59:59+00:00,2021-02-15T23:59:59+00:00,2021-01-11T23:59:59+00:00,,2021-01-11T23:59:59+00:00,
k8s:kep-1451,stable,k8s:v1.21,k8s:sig-scheduling,slipped,2021-01-11T23:59:59+00:00,2021-01-11T23:59:59+00:00,2021-02-15T23:59:59+00:00,,,,
k8s:kep-1472,beta,k8s:v1.21,k8s:sig-storage,unresolved,2021-01-11T23:59:59+00:00,2021-01-11T23:59:59+00:00,,2021-01-11T23:59:59+00:00,,2021-01-11T23:59:59+00:00,
k8s:kep-1495,beta,k8s:v1.21,k8s:sig-storage,slipped,,,,2021-02-15T23:59:59+00:00,,2021-02-15T23:59:59+00:00,2021-02-15T23:59:59+00:00
k8s:kep-1591,alpha,k8s:v1.21,k8s:sig-apps,shipped,2021-02-15T23:59:59+00:00,,,2021-02-15T23:59:59+00:00,2021-02-15T23:59:59+00:00,,2021-02-15T23:59:59+00:00
k8s:kep-1602,beta,k8s:v1.21,k8s:sig-instrumentation,slipped,,,,2021-02-08T23:59:59+00:00,2021-02-08T23:59:59+00:00,,2021-02-08T23:59:59+00:00
k8s:kep-1682,stable,k8s:v1.21,k8s:sig-storage,slipped,2021-01-11T23:59:59+00:00,2021-01-11T23:59:59+00:00,2021-02-15T23:59:59+00:00,,,2021-01-11T23:59:59+00:00,
k8s:kep-1693,stable,k8s:v1.21,k8s:sig-api-machinery,slipped,2021-01-11T23:59:59+00:00,2021-01-11T23:59:59+00:00,2021-02-15T23:59:59+00:00,2021-01-11T23:59:59+00:00,,2021-01-11T23:59:59+00:00,
k8s:kep-1698,beta,k8s:v1.21,k8s:sig-storage,unresolved,,,,,,2021-02-08T23:59:59+00:00,2021-02-08T23:59:59+00:00
k8s:kep-1748,beta,k8s:v1.21,k8s:sig-instrumentation,unresolved,,,,2021-02-15T23:59:59+00:00,,,2021-02-15T23:59:59+00:00
k8s:kep-1769,alpha,k8s:v1.21,k8s:sig-node,unresolved,,,,,2021-02-15T23:59:59+00:00,2021-02-15T23:59:59+00:00,2021-02-15T23:59:59+00:00
k8s:kep-1790,stable,k8s:v1.21,k8s:sig-storage,slipped,2021-01-11T23:59:59+00:00,2021-01-11T23:59:59+00:00,2021-02-15T23:59:59+00:00,2021-01-11T23:59:59+00:00,,2021-01-11T23:59:59+00:00,
k8s:kep-1845,beta,k8s:v1.21,k8s:sig-storage,unresolved,2021-01-11T23:59:59+00:00,2021-01-11T23:59:59+00:00,2021-02-15T23:59:59+00:00,2021-01-11T23:59:59+00:00,,2021-01-11T23:59:59+00:00,
k8s:kep-1847,alpha,k8s:v1.21,k8s:sig-apps,slipped,,,,2021-02-15T23:59:59+00:00,,,2021-02-15T23:59:59+00:00
k8s:kep-1855,beta,k8s:v1.21,k8s:sig-storage,unresolved,2021-02-08T23:59:59+00:00,,,2021-02-08T23:59:59+00:00,,2021-02-08T23:59:59+00:00,2021-02-08T23:59:59+00:00
k8s:kep-1860,alpha,k8s:v1.21,k8s:sig-network,slipped,2021-01-11T23:59:59+00:00,2021-02-15T23:59:59+00:00,2021-02-15T23:59:59+00:00,2021-01-11T23:59:59+00:00,,2021-01-11T23:59:59+00:00,
k8s:kep-1864,beta,k8s:v1.21,k8s:sig-network,slipped,2021-01-11T23:59:59+00:00,2021-01-11T23:59:59+00:00,,2021-01-11T23:59:59+00:00,,2021-01-11T23:59:59+00:00,
k8s:kep-1884,stable,k8s:v1.21,k8s:sig-node,unresolved,2021-01-11T23:59:59+00:00,2021-02-15T23:59:59+00:00,2021-02-15T23:59:59+00:00,,2021-01-11T23:59:59+00:00,2021-01-11T23:59:59+00:00,
k8s:kep-19,stable,k8s:v1.21,k8s:sig-apps,shipped,2021-01-11T23:59:59+00:00,2021-01-11T23:59:59+00:00,,2021-01-11T23:59:59+00:00,,,
k8s:kep-1904,beta,k8s:v1.21,k8s:sig-api-machinery,shipped,2021-01-11T23:59:59+00:00,2021-01-11T23:59:59+00:00,,2021-01-11T23:59:59+00:00,,2021-01-11T23:59:59+00:00,
k8s:kep-1923,alpha,k8s:v1.21,k8s:sig-scheduling,shipped,2021-01-11T23:59:59+00:00,2021-03-08T23:59:59+00:00,,,,,
k8s:kep-1933,beta,k8s:v1.21,k8s:sig-instrumentation,shipped,2021-01-11T23:59:59+00:00,2021-01-11T23:59:59+00:00,,2021-01-11T23:59:59+00:00,,,
k8s:kep-1959,alpha,k8s:v1.21,k8s:sig-cloud-provider,unresolved,2021-01-11T23:59:59+00:00,,,2021-01-11T23:59:59+00:00,,,
k8s:kep-1965,beta,k8s:v1.21,k8s:sig-api-machinery,slipped,2021-01-11T23:59:59+00:00,2021-01-11T23:59:59+00:00,2021-02-15T23:59:59+00:00,,,2021-01-11T23:59:59+00:00,
k8s:kep-1967,beta,k8s:v1.21,k8s:sig-node,slipped,2021-01-11T23:59:59+00:00,2021-01-11T23:59:59+00:00,,2021-01-11T23:59:59+00:00,,2021-01-11T23:59:59+00:00,
k8s:kep-1981,alpha,k8s:v1.21,k8s:sig-windows,slipped,2021-01-11T23:59:59+00:00,2021-02-15T23:59:59+00:00,2021-02-15T23:59:59+00:00,2021-01-11T23:59:59+00:00,,,
k8s:kep-2000,beta,k8s:v1.21,k8s:sig-node,shipped,,,,,,2021-02-15T23:59:59+00:00,2021-02-15T23:59:59+00:00
k8s:kep-2025,alpha,k8s:v1.21,k8s:sig-cloud-provider,shipped,2021-02-15T23:59:59+00:00,,,2021-02-15T23:59:59+00:00,,,2021-02-15T23:59:59+00:00
k8s:kep-2053,beta,k8s:v1.21,k8s:sig-node,unresolved,2021-01-11T23:59:59+00:00,2021-01-11T23:59:59+00:00,,,,2021-01-11T23:59:59+00:00,
k8s:kep-2079,alpha,k8s:v1.21,k8s:sig-network,shipped,2021-01-11T23:59:59+00:00,,,,,2021-01-11T23:59:59+00:00,
k8s:kep-2086,alpha,k8s:v1.21,k8s:sig-network,shipped,2021-01-11T23:59:59+00:00,,,,,2021-01-11T23:59:59+00:00,
k8s:kep-2133,beta,k8s:v1.21,k8s:sig-node,slipped,2021-01-11T23:59:59+00:00,,,2021-01-11T23:59:59+00:00,,2021-01-11T23:59:59+00:00,
k8s:kep-2155,alpha,k8s:v1.21,k8s:sig-api-machinery,shipped,,,2021-02-15T23:59:59+00:00,,,2021-02-08T23:59:59+00:00,2021-02-08T23:59:59+00:00
k8s:kep-2155,beta,k8s:v1.21,k8s:sig-api-machinery,shipped,,,2021-02-15T23:59:59+00:00,,,2021-02-08T23:59:59+00:00,2021-02-08T23:59:59+00:00
k8s:kep-2155,stable,k8s:v1.21,k8s:sig-api-machinery,shipped,,,,,,2021-02-08T23:59:59+00:00,2021-02-08T23:59:59+00:00
k8s:kep-2161,beta,k8s:v1.21,k8s:sig-api-machinery,unresolved,,,,2021-02-15T23:59:59+00:00,2021-02-15T23:59:59+00:00,2021-02-15T23:59:59+00:00,2021-02-15T23:59:59+00:00
k8s:kep-2185,alpha,k8s:v1.21,k8s:sig-apps,shipped,,,,2021-02-08T23:59:59+00:00,,,2021-02-08T23:59:59+00:00
k8s:kep-2200,stable,k8s:v1.21,k8s:sig-network,shipped,,,,2021-02-01T23:59:59+00:00,,2021-02-01T23:59:59+00:00,2021-02-01T23:59:59+00:00
k8s:kep-2214,alpha,k8s:v1.21,k8s:sig-apps,shipped,,,,,,,2021-02-01T23:59:59+00:00
k8s:kep-2227,alpha,k8s:v1.21,k8s:sig-cli,shipped,,,,,,,2021-02-08T23:59:59+00:00
k8s:kep-2232,alpha,k8s:v1.21,k8s:sig-apps,shipped,,,,,,,2021-02-08T23:59:59+00:00
k8s:kep-2238,alpha,k8s:v1.21,k8s:sig-node,exception_granted,,,,,,2021-02-08T23:59:59+00:00,2021-02-08T23:59:59+00:00
k8s:kep-2249,alpha,k8s:v1.21,k8s:sig-scheduling,unresolved,,,,2021-02-08T23:59:59+00:00,,,2021-02-08T23:59:59+00:00
k8s:kep-2255,alpha,k8s:v1.21,k8s:sig-apps,shipped,2021-01-18T23:59:59+00:00,,,,,,
k8s:kep-2307,alpha,k8s:v1.21,k8s:sig-apps,slipped,2021-02-08T23:59:59+00:00,2021-02-08T23:59:59+00:00,,,,,2021-02-08T23:59:59+00:00
k8s:kep-2317,alpha,k8s:v1.21,k8s:sig-storage,slipped,,,,,,2021-02-08T23:59:59+00:00,2021-02-08T23:59:59+00:00
k8s:kep-2365,alpha,k8s:v1.21,k8s:sig-network,shipped,2021-02-08T23:59:59+00:00,,,,,2021-02-08T23:59:59+00:00,2021-02-08T23:59:59+00:00
k8s:kep-2403,alpha,k8s:v1.21,k8s:sig-node,unresolved,,,,,,2021-02-08T23:59:59+00:00,2021-02-08T23:59:59+00:00
k8s:kep-2411,stable,k8s:v1.21,k8s:sig-node,shipped,,,,2021-02-15T23:59:59+00:00,,2021-02-15T23:59:59+00:00,2021-02-15T23:59:59+00:00
k8s:kep-2420,alpha,k8s:v1.21,k8s:sig-testing,shipped,,,2021-02-15T23:59:59+00:00,2021-02-08T23:59:59+00:00,,,2021-02-08T23:59:59+00:00
k8s:kep-2420,beta,k8s:v1.21,k8s:sig-testing,shipped,,,,2021-02-08T23:59:59+00:00,,,2021-02-08T23:59:59+00:00
k8s:kep-2433,alpha,k8s:v1.21,k8s:sig-network,shipped,,,,,,2021-02-15T23:59:59+00:00,2021-02-15T23:59:59+00:00
k8s:kep-2436,alpha,k8s:v1.21,k8s:sig-cloud-provider,shipped,,,,2021-02-15T23:59:59+00:00,,,2021-02-15T23:59:59+00:00
k8s:kep-2458,beta,k8s:v1.21,k8s:sig-scheduling,slipped,,,,,,,2021-02-15T23:59:59+00:00
k8s:kep-2464,alpha,k8s:v1.21,k8s:sig-testing,unresolved,2021-02-15T23:59:59+00:00,,,2021-02-15T23:59:59+00:00,,,2021-02-15T23:59:59+00:00
k8s:kep-277,beta,k8s:v1.21,k8s:sig-node,slipped,2021-01-11T23:59:59+00:00,2021-01-11T23:59:59+00:00,,2021-01-11T23:59:59+00:00,,2021-01-11T23:59:59+00:00,
k8s:kep-34,stable,k8s:v1.21,k8s:sig-node,shipped,,,,2021-02-15T23:59:59+00:00,,2021-02-15T23:59:59+00:00,2021-02-15T23:59:59+00:00
k8s:kep-555,stable,k8s:v1.21,k8s:sig-api-machinery,slipped,,,,2021-02-15T23:59:59+00:00,,2021-02-15T23:59:59+00:00,2021-02-15T23:59:59+00:00
k8s:kep-563,beta,k8s:v1.21,k8s:sig-network,unresolved,2021-02-15T23:59:59+00:00,,,2021-02-15T23:59:59+00:00,,2021-02-15T23:59:59+00:00,2021-02-15T23:59:59+00:00
k8s:kep-592,beta,k8s:v1.21,k8s:sig-apps,shipped,2021-01-25T23:59:59+00:00,,,2021-01-25T23:59:59+00:00,,,2021-01-25T23:59:59+00:00
k8s:kep-647,alpha,k8s:v1.21,k8s:sig-instrumentation,slipped,,,,2021-02-15T23:59:59+00:00,2021-02-15T23:59:59+00:00,,2021-02-15T23:59:59+00:00
k8s:kep-695,stable,k8s:v1.21,k8s:sig-storage,slipped,2021-01-11T23:59:59+00:00,2021-01-11T23:59:59+00:00,2021-02-15T23:59:59+00:00,2021-01-11T23:59:59+00:00,2021-01-11T23:59:59+00:00,2021-01-11T23:59:59+00:00,
k8s:kep-752,stable,k8s:v1.21,k8s:sig-network,shipped,2021-01-11T23:59:59+00:00,2021-01-11T23:59:59+00:00,,,2021-01-11T23:59:59+00:00,2021-01-11T23:59:59+00:00,
k8s:kep-785,stable,k8s:v1.21,k8s:sig-scheduling,slipped,2021-01-11T23:59:59+00:00,2021-01-11T23:59:59+00:00,2021-02-15T23:59:59+00:00,2021-01-11T23:59:59+00:00,,,
k8s:kep-85,stable,k8s:v1.21,k8s:sig-apps,shipped,2021-01-18T23:59:59+00:00,,,2021-01-18T23:59:59+00:00,,,
k8s:kep-859,alpha,k8s:v1.21,k8s:sig-cli,unresolved,,,,2021-02-08T23:59:59+00:00,,,2021-02-08T23:59:59+00:00
k8s:kep-1122,stable,k8s:v1.22,k8s:sig-windows,shipped,2021-05-17T23:59:59+00:00,,,2021-05-17T23:59:59+00:00,,2021-05-17T23:59:59+00:00,2021-05-17T23:59:59+00:00
k8s:kep-1205,stable,k8s:v1.22,k8s:sig-auth,unresolved,2021-05-10T23:59:59+00:00,2021-06-28T23:59:59+00:00,,2021-05-10T23:59:59+00:00,,2021-05-10T23:59:59+00:00,2021-05-10T23:59:59+00:00
k8s:kep-1258,stable,k8s:v1.22,k8s:sig-scheduling,slipped,2021-04-26T23:59:59+00:00,2021-04-26T23:59:59+00:00,2021-06-14T23:59:59+00:00,,,2021-05-24T23:59:59+00:00,
k8s:kep-1287,alpha,k8s:v1.22,k8s:sig-node,slipped,,,,2021-05-17T23:59:59+00:00,,2021-05-17T23:59:59+00:00,2021-05-17T23:59:59+00:00
k8s:kep-1432,beta,k8s:v1.22,k8s:sig-storage,slipped,2021-04-26T23:59:59+00:00,2021-04-26T23:59:59+00:00,2021-06-14T23:59:59+00:00,,2021-04-26T23:59:59+00:00,2021-05-10T23:59:59+00:00,
k8s:kep-1435,stable,k8s:v1.22,k8s:sig-network,slipped,2021-04-26T23:59:59+00:00,2021-04-26T23:59:59+00:00,2021-06-14T23:59:59+00:00,2021-04-26T23:59:59+00:00,,2021-04-26T23:59:59+00:00,
k8s:kep-1441,stable,k8s:v1.22,k8s:sig-cli,slipped,2021-04-26T23:59:59+00:00,2021-04-26T23:59:59+00:00,2021-06-14T23:59:59+00:00,2021-04-26T23:59:59+00:00,,2021-05-17T23:59:59+00:00,
k8s:kep-1451,stable,k8s:v1.22,k8s:sig-scheduling,shipped,2021-04-26T23:59:59+00:00,2021-04-26T23:59:59+00:00,2021-06-14T23:59:59+00:00,,2021-04-26T23:59:59+00:00,2021-05-24T23:59:59+00:00,
k8s:kep-1495,stable,k8s:v1.22,k8s:sig-storage,slipped,2021-04-26T23:59:59+00:00,2021-04-26T23:59:59+00:00,,2021-04-26T23:59:59+00:00,,2021-05-10T23:59:59+00:00,
k8s:kep-1539,stable,k8s:v1.22,k8s:sig-node,shipped,,,,2021-05-17T23:59:59+00:00,,2021-05-17T23:59:59+00:00,2021-05-17T23:59:59+00:00
k8s:kep-1591,beta,k8s:v1.22,k8s:sig-apps,shipped,2021-04-26T23:59:59+00:00,2021-04-26T23:59:59+00:00,,2021-04-26T23:59:59+00:00,2021-04-26T23:59:59+00:00,2021-05-17T23:59:59+00:00,
k8s:kep-1602,beta,k8s:v1.22,k8s:sig-instrumentation,slipped,,,,2021-05-17T23:59:59+00:00,2021-05-17T23:59:59+00:00,2021-05-17T23:59:59+00:00,2021-05-17T23:59:59+00:00
k8s:kep-1693,stable,k8s:v1.22,k8s:sig-api-machinery,shipped,,,,2021-05-17T23:59:59+00:00,2021-05-17T23:59:59+00:00,2021-05-17T23:59:59+00:00,2021-05-17T23:59:59+00:00
k8s:kep-1710,stable,k8s:v1.22,k8s:sig-storage,slipped,2021-04-26T23:59:59+00:00,2021-04-26T23:59:59+00:00,2021-06-14T23:59:59+00:00,2021-04-26T23:59:59+00:00,,2021-05-10T23:59:59+00:00,
k8s:kep-1739,stable,k8s:v1.22,k8s:sig-cluster-lifecycle,dropped,2021-04-26T23:59:59+00:00,2021-04-26T23:59:59+00:00,2021-06-14T23:59:59+00:00,,,,
k8s:kep-1748,stable,k8s:v1.22,k8s:sig-instrumentation,slipped,2021-04-26T23:59:59+00:00,2021-04-26T23:59:59+00:00,2021-06-14T23:59:59+00:00,2021-04-26T23:59:59+00:00,,2021-04-26T23:59:59+00:00,
k8s:kep-1769,beta,k8s:v1.22,k8s:sig-node,unresolved,2021-04-26T23:59:59+00:00,2021-04-26T23:59:59+00:00,,,2021-04-26T23:59:59+00:00,2021-04-26T23:59:59+00:00,
k8s:kep-1790,alpha,k8s:v1.22,k8s:sig-storage,slipped,,,,2021-05-17T23:59:59+00:00,2021-05-17T23:59:59+00:00,2021-05-17T23:59:59+00:00,2021-05-17T23:59:59+00:00
k8s:kep-1797,stable,k8s:v1.22,k8s:sig-node,shipped,2021-04-26T23:59:59+00:00,2021-04-26T23:59:59+00:00,,2021-04-26T23:59:59+00:00,2021-04-26T23:59:59+00:00,2021-04-26T23:59:59+00:00,
k8s:kep-1845,stable,k8s:v1.22,k8s:sig-storage,unresolved,2021-04-26T23:59:59+00:00,2021-04-26T23:59:59+00:00,2021-06-14T23:59:59+00:00,2021-04-26T23:59:59+00:00,,2021-05-10T23:59:59+00:00,
k8s:kep-1847,alpha,k8s:v1.22,k8s:sig-apps,slipped,,,,2021-05-17T23:59:59+00:00,2021-05-17T23:59:59+00:00,2021-05-17T23:59:59+00:00,2021-05-17T23:59:59+00:00
k8s:kep-1855,stable,k8s:v1.22,k8s:sig-storage,unresolved,2021-05-17T23:59:59+00:00,,,2021-05-17T23:59:59+00:00,,2021-05-17T23:59:59+00:00,2021-05-17T23:59:59+00:00
k8s:kep-1860,beta,k8s:v1.22,k8s:sig-network,slipped,2021-04-26T23:59:59+00:00,2021-04-26T23:59:59+00:00,2021-06-14T23:59:59+00:00,2021-04-26T23:59:59+00:00,,2021-04-26T23:59:59+00:00,
k8s:kep-1864,beta,k8s:v1.22,k8s:sig-network,unresolved,,2021-07-05T23:59:59+00:00,,2021-05-10T23:59:59+00:00,2021-05-10T23:59:59+00:00,2021-05-10T23:59:59+00:00,2021-05-10T23:59:59+00:00
k8s:kep-1867,stable,k8s:v1.22,k8s:sig-node,shipped,2021-04-26T23:59:59+00:00,2021-04-26T23:59:59+00:00,2021-06-14T23:59:59+00:00,,,2021-04-26T23:59:59+00:00,
k8s:kep-1923,beta,k8s:v1.22,k8s:sig-scheduling,exception_granted,2021-04-26T23:59:59+00:00,2021-04-26T23:59:59+00:00,,,,2021-05-24T23:59:59+00:00,
k8s:kep-1933,stable,k8s:v1.22,k8s:sig-security,slipped,2021-04-26T23:59:59+00:00,2021-04-26T23:59:59+00:00,2021-06-14T23:59:59+00:00,2021-04-26T23:59:59+00:00,,,
k8s:kep-1959,beta,k8s:v1.22,k8s:sig-cloud-provider,unresolved,,,,2021-05-17T23:59:59+00:00,,2021-05-17T23:59:59+00:00,2021-05-17T23:59:59+00:00
k8s:kep-1965,stable,k8s:v1.22,k8s:sig-api-machinery,unresolved,2021-04-26T23:59:59+00:00,2021-04-26T23:59:59+00:00,2021-06-14T23:59:59+00:00,,,2021-05-17T23:59:59+00:00,
k8s:kep-1967,beta,k8s:v1.22,k8s:sig-node,unresolved,2021-04-26T23:59:59+00:00,2021-06-14T23:59:59+00:00,,2021-04-26T23:59:59+00:00,2021-04-26T23:59:59+00:00,2021-04-26T23:59:59+00:00,
k8s:kep-1981,alpha,k8s:v1.22,k8s:sig-windows,shipped,,,,2021-05-10T23:59:59+00:00,2021-05-10T23:59:59+00:00,2021-05-10T23:59:59+00:00,2021-05-10T23:59:59+00:00
k8s:kep-2025,beta,k8s:v1.22,k8s:sig-cloud-provider,unresolved,2021-04-26T23:59:59+00:00,2021-04-26T23:59:59+00:00,2021-06-14T23:59:59+00:00,2021-04-26T23:59:59+00:00,,2021-05-17T23:59:59+00:00,
k8s:kep-2040,beta,k8s:v1.22,k8s:sig-node,slipped,2021-04-26T23:59:59+00:00,2021-04-26T23:59:59+00:00,,,2021-04-26T23:59:59+00:00,2021-04-26T23:59:59+00:00,
k8s:kep-2053,stable,k8s:v1.22,k8s:sig-node,slipped,2021-04-26T23:59:59+00:00,2021-04-26T23:59:59+00:00,2021-06-14T23:59:59+00:00,,,2021-04-26T23:59:59+00:00,
k8s:kep-2079,beta,k8s:v1.22,k8s:sig-network,shipped,2021-04-26T23:59:59+00:00,2021-04-26T23:59:59+00:00,,,,2021-04-26T23:59:59+00:00,
k8s:kep-2086,beta,k8s:v1.22,k8s:sig-network,exception_granted,2021-04-26T23:59:59+00:00,2021-04-26T23:59:59+00:00,,,,2021-04-26T23:59:59+00:00,
k8s:kep-2133,beta,k8s:v1.22,k8s:sig-node,slipped,,2021-07-05T23:59:59+00:00,,2021-05-17T23:59:59+00:00,2021-05-17T23:59:59+00:00,2021-05-17T23:59:59+00:00,2021-05-17T23:59:59+00:00
k8s:kep-2161,stable,k8s:v1.22,k8s:sig-api-machinery,shipped,2021-04-26T23:59:59+00:00,2021-04-26T23:59:59+00:00,,2021-04-26T23:59:59+00:00,2021-04-26T23:59:59+00:00,2021-05-17T23:59:59+00:00,
k8s:kep-2185,beta,k8s:v1.22,k8s:sig-apps,shipped,2021-04-26T23:59:59+00:00,,,2021-04-26T23:59:59+00:00,,2021-05-17T23:59:59+00:00,
k8s:kep-2214,beta,k8s:v1.22,k8s:sig-apps,shipped,2021-04-26T23:59:59+00:00,2021-06-28T23:59:59+00:00,,,,2021-05-17T23:59:59+00:00,
k8s:kep-2232,beta,k8s:v1.22,k8s:sig-apps,shipped,2021-04-26T23:59:59+00:00,2021-06-28T23:59:59+00:00,,,,2021-05-17T23:59:59+00:00,
k8s:kep-2238,beta,k8s:v1.22,k8s:sig-node,exception_granted,2021-04-26T23:59:59+00:00,,,,,2021-04-26T23:59:59+00:00,
k8s:kep-2249,beta,k8s:v1.22,k8s:sig-scheduling,shipped,2021-04-26T23:59:59+00:00,2021-07-05T23:59:59+00:00,,2021-04-26T23:59:59+00:00,,2021-05-24T23:59:59+00:00,
k8s:kep-2255,beta,k8s:v1.22,k8s:sig-apps,shipped,2021-04-26T23:59:59+00:00,2021-07-05T23:59:59+00:00,,,,2021-05-17T23:59:59+00:00,
k8s:kep-2258,alpha,k8s:v1.22,k8s:sig-windows,slipped,,2021-05-10T23:59:59+00:00,,2021-05-10T23:59:59+00:00,,2021-05-10T23:59:59+00:00,2021-05-10T23:59:59+00:00
k8s:kep-2307,alpha,k8s:v1.22,k8s:sig-apps,shipped,2021-04-26T23:59:59+00:00,,,,2021-04-26T23:59:59+00:00,2021-05-17T23:59:59+00:00,
k8s:kep-2317,alpha,k8s:v1.22,k8s:sig-storage,shipped,,,,,2021-05-10T23:59:59+00:00,2021-05-10T23:59:59+00:00,2021-05-10T23:59:59+00:00
k8s:kep-2365,beta,k8s:v1.22,k8s:sig-network,shipped,2021-04-26T23:59:59+00:00,2021-04-26T23:59:59+00:00,,,,2021-04-26T23:59:59+00:00,
k8s:kep-2400,alpha,k8s:v1.22,k8s:sig-node,unresolved,,,,,,2021-05-17T23:59:59+00:00,2021-05-17T23:59:59+00:00
k8s:kep-2403,beta,k8s:v1.22,k8s:sig-node,slipped,2021-04-26T23:59:59+00:00,2021-04-26T23:59:59+00:00,2021-06-14T23:59:59+00:00,,,2021-04-26T23:59:59+00:00,
k8s:kep-2413,alpha,k8s:v1.22,k8s:sig-node,shipped,,,,2021-05-17T23:59:59+00:00,,2021-05-17T23:59:59+00:00,2021-05-17T23:59:59+00:00
k8s:kep-2433,beta,k8s:v1.22,k8s:sig-network,slipped,2021-04-26T23:59:59+00:00,2021-04-26T23:59:59+00:00,,,,2021-04-26T23:59:59+00:00,
k8s:kep-2436,beta,k8s:v1.22,k8s:sig-cloud-provider,shipped,2021-04-26T23:59:59+00:00,2021-05-03T23:59:59+00:00,,2021-04-26T23:59:59+00:00,,2021-05-17T23:59:59+00:00,
k8s:kep-2464,beta,k8s:v1.22,k8s:sig-testing,slipped,2021-04-26T23:59:59+00:00,2021-04-26T23:59:59+00:00,2021-06-14T23:59:59+00:00,2021-04-26T23:59:59+00:00,,,
k8s:kep-2485,alpha,k8s:v1.22,k8s:sig-storage,unresolved,,,,2021-06-21T23:59:59+00:00,,2021-05-17T23:59:59+00:00,2021-05-17T23:59:59+00:00
k8s:kep-2558,alpha,k8s:v1.22,k8s:sig-api-machinery,unresolved,,,,2021-05-17T23:59:59+00:00,,2021-05-17T23:59:59+00:00,2021-05-17T23:59:59+00:00
k8s:kep-2568,alpha,k8s:v1.22,k8s:sig-cluster-lifecycle,shipped,2021-04-26T23:59:59+00:00,,,2021-04-26T23:59:59+00:00,,,
k8s:kep-2570,alpha,k8s:v1.22,k8s:sig-node,slipped,,,,,,2021-05-17T23:59:59+00:00,2021-05-17T23:59:59+00:00
k8s:kep-2572,alpha,k8s:v1.22,k8s:sig-release,unresolved,2021-04-26T23:59:59+00:00,,,2021-04-26T23:59:59+00:00,,,2021-04-26T23:59:59+00:00
k8s:kep-2579,alpha,k8s:v1.22,k8s:sig-auth,shipped,,,,2021-05-17T23:59:59+00:00,,2021-05-17T23:59:59+00:00,2021-05-17T23:59:59+00:00
k8s:kep-2590,alpha,k8s:v1.22,k8s:sig-cli,slipped,,,,2021-05-17T23:59:59+00:00,,2021-05-17T23:59:59+00:00,2021-05-17T23:59:59+00:00
k8s:kep-2595,alpha,k8s:v1.22,k8s:sig-network,shipped,,2021-07-05T23:59:59+00:00,,2021-05-10T23:59:59+00:00,,2021-05-10T23:59:59+00:00,2021-05-10T23:59:59+00:00
k8s:kep-2599,alpha,k8s:v1.22,k8s:sig-apps,unresolved,,,,,,2021-05-17T23:59:59+00:00,2021-05-03T23:59:59+00:00
k8s:kep-2625,alpha,k8s:v1.22,k8s:sig-node,shipped,,,,,,2021-05-17T23:59:59+00:00,2021-05-17T23:59:59+00:00
k8s:kep-2702,stable,k8s:v1.22,k8s:sig-autoscaling,slipped,,,,,,,2021-05-17T23:59:59+00:00
k8s:kep-2712,alpha,k8s:v1.22,k8s:sig-node,slipped,,,,,,2021-05-17T23:59:59+00:00,2021-05-17T23:59:59+00:00
k8s:kep-281,deprecated,k8s:v1.22,k8s:sig-node,shipped,,,2021-06-14T23:59:59+00:00,,,2021-05-17T23:59:59+00:00,2021-05-17T23:59:59+00:00
k8s:kep-541,stable,k8s:v1.22,k8s:sig-auth,shipped,2021-04-26T23:59:59+00:00,2021-07-05T23:59:59+00:00,,2021-04-26T23:59:59+00:00,2021-04-26T23:59:59+00:00,2021-05-10T23:59:59+00:00,
k8s:kep-555,stable,k8s:v1.22,k8s:sig-api-machinery,shipped,,,,2021-05-17T23:59:59+00:00,2021-05-17T23:59:59+00:00,2021-05-17T23:59:59+00:00,2021-05-17T23:59:59+00:00
k8s:kep-647,alpha,k8s:v1.22,k8s:sig-instrumentation,exception_granted,,2021-06-28T23:59:59+00:00,,2021-05-03T23:59:59+00:00,2021-05-03T23:59:59+00:00,2021-05-03T23:59:59+00:00,2021-05-03T23:59:59+00:00
k8s:kep-785,stable,k8s:v1.22,k8s:sig-scheduling,slipped,2021-04-26T23:59:59+00:00,2021-04-26T23:59:59+00:00,2021-06-14T23:59:59+00:00,2021-04-26T23:59:59+00:00,2021-04-26T23:59:59+00:00,2021-05-24T23:59:59+00:00,
k8s:kep-859,beta,k8s:v1.22,k8s:sig-cli,exception_granted,2021-04-26T23:59:59+00:00,2021-04-26T23:59:59+00:00,,2021-04-26T23:59:59+00:00,,2021-05-17T23:59:59+00:00,
k8s:kep-961,alpha,k8s:v1.22,k8s:sig-apps,slipped,,,,,,2021-05-17T23:59:59+00:00,2021-05-17T23:59:59+00:00
k8s:kep-1040,stable,k8s:v1.23,k8s:sig-api-machinery,slipped,2021-08-23T23:59:59+00:00,,2021-10-25T23:59:59+00:00,2021-08-23T23:59:59+00:00,2021-08-23T23:59:59+00:00,2021-09-13T23:59:59+00:00,
k8s:kep-1287,alpha,k8s:v1.23,k8s:sig-node,slipped,,2021-11-08T23:59:59+00:00,,2021-09-13T23:59:59+00:00,2021-09-13T23:59:59+00:00,2021-09-13T23:59:59+00:00,2021-09-13T23:59:59+00:00
k8s:kep-1440,alpha,k8s:v1.23,k8s:sig-cli,shipped,,2021-11-01T23:59:59+00:00,,,,2021-09-13T23:59:59+00:00,2021-09-13T23:59:59+00:00
k8s:kep-1472,stable,k8s:v1.23,k8s:sig-storage,slipped,2021-08-23T23:59:59+00:00,2021-10-11T23:59:59+00:00,2021-10-25T23:59:59+00:00,2021-08-23T23:59:59+00:00,,2021-09-06T23:59:59+00:00,
k8s:kep-1495,beta,k8s:v1.23,k8s:sig-storage,slipped,2021-08-23T23:59:59+00:00,2021-08-23T23:59:59+00:00,,2021-08-23T23:59:59+00:00,2021-08-23T23:59:59+00:00,2021-09-06T23:59:59+00:00,
k8s:kep-1602,stable,k8s:v1.23,k8s:sig-instrumentation,slipped,2021-08-23T23:59:59+00:00,2021-08-23T23:59:59+00:00,2021-10-25T23:59:59+00:00,2021-08-23T23:59:59+00:00,2021-08-23T23:59:59+00:00,2021-08-30T23:59:59+00:00,
k8s:kep-1682,stable,k8s:v1.23,k8s:sig-storage,shipped,2021-09-13T23:59:59+00:00,2021-11-08T23:59:59+00:00,,,2021-09-13T23:59:59+00:00,2021-09-13T23:59:59+00:00,2021-09-13T23:59:59+00:00
k8s:kep-1698,stable,k8s:v1.23,k8s:sig-storage,shipped,2021-08-23T23:59:59+00:00,2021-08-23T23:59:59+00:00,,,,2021-09-06T23:59:59+00:00,
k8s:kep-1769,stable,k8s:v1.23,k8s:sig-node,slipped,2021-08-23T23:59:59+00:00,2021-08-23T23:59:59+00:00,2021-10-25T23:59:59+00:00,,2021-08-23T23:59:59+00:00,2021-08-23T23:59:59+00:00,
k8s:kep-1790,alpha,k8s:v1.23,k8s:sig-storage,shipped,,2021-11-08T23:59:59+00:00,,2021-09-13T23:59:59+00:00,2021-09-13T23:59:59+00:00,2021-09-13T23:59:59+00:00,2021-09-13T23:59:59+00:00
k8s:kep-1847,alpha,k8s:v1.23,k8s:sig-apps,shipped,,2021-11-08T23:59:59+00:00,,2021-09-13T23:59:59+00:00,2021-09-13T23:59:59+00:00,,2021-09-13T23:59:59+00:00
k8s:kep-1864,stable,k8s:v1.23,k8s:sig-network,slipped,2021-08-23T23:59:59+00:00,2021-08-23T23:59:59+00:00,,2021-08-23T23:59:59+00:00,2021-08-23T23:59:59+00:00,2021-09-06T23:59:59+00:00,
k8s:kep-1904,stable,k8s:v1.23,k8s:sig-api-machinery,slipped,2021-08-23T23:59:59+00:00,2021-08-23T23:59:59+00:00,2021-10-25T23:59:59+00:00,2021-08-23T23:59:59+00:00,,2021-09-13T23:59:59+00:00,
k8s:kep-1967,stable,k8s:v1.23,k8s:sig-node,slipped,2021-08-23T23:59:59+00:00,2021-08-23T23:59:59+00:00,2021-10-25T23:59:59+00:00,2021-08-23T23:59:59+00:00,2021-08-23T23:59:59+00:00,2021-08-23T23:59:59+00:00,
k8s:kep-1981,beta,k8s:v1.23,k8s:sig-windows,shipped,,2021-11-08T23:59:59+00:00,,2021-09-13T23:59:59+00:00,2021-09-13T23:59:59+00:00,2021-09-13T23:59:59+00:00,2021-09-13T23:59:59+00:00
k8s:kep-2040,beta,k8s:v1.23,k8s:sig-node,exception_granted,,2021-11-08T23:59:59+00:00,,,2021-09-13T23:59:59+00:00,2021-09-13T23:59:59+00:00,2021-09-13T23:59:59+00:00
k8s:kep-2079,stable,k8s:v1.23,k8s:sig-network,slipped,2021-08-23T23:59:59+00:00,2021-08-23T23:59:59+00:00,2021-10-25T23:59:59+00:00,,,2021-09-06T23:59:59+00:00,
k8s:kep-2086,stable,k8s:v1.23,k8s:sig-network,slipped,2021-08-23T23:59:59+00:00,2021-08-23T23:59:59+00:00,2021-10-25T23:59:59+00:00,,,2021-09-06T23:59:59+00:00,
k8s:kep-2133,beta,k8s:v1.23,k8s:sig-node,slipped,,2021-11-08T23:59:59+00:00,,2021-09-13T23:59:59+00:00,2021-09-13T23:59:59+00:00,2021-09-13T23:59:59+00:00,2021-09-13T23:59:59+00:00
k8s:kep-2185,stable,k8s:v1.23,k8s:sig-apps,slipped,2021-08-23T23:59:59+00:00,2021-08-30T23:59:59+00:00,2021-10-25T23:59:59+00:00,2021-08-23T23:59:59+00:00,,,
k8s:kep-2214,stable,k8s:v1.23,k8s:sig-apps,slipped,2021-08-23T23:59:59+00:00,2021-08-23T23:59:59+00:00,2021-10-25T23:59:59+00:00,,,,
k8s:kep-2227,beta,k8s:v1.23,k8s:sig-cli,slipped,2021-08-23T23:59:59+00:00,2021-08-23T23:59:59+00:00,2021-10-25T23:59:59+00:00,,,2021-09-13T23:59:59+00:00,
k8s:kep-2258,alpha,k8s:v1.23,k8s:sig-windows,slipped,,2021-09-06T23:59:59+00:00,,2021-09-06T23:59:59+00:00,2021-09-06T23:59:59+00:00,2021-09-13T23:59:59+00:00,2021-09-06T23:59:59+00:00
k8s:kep-2307,beta,k8s:v1.23,k8s:sig-apps,shipped,2021-08-23T23:59:59+00:00,,,,2021-08-23T23:59:59+00:00,,
k8s:kep-2317,beta,k8s:v1.23,k8s:sig-storage,shipped,,2021-11-08T23:59:59+00:00,,,,2021-09-13T23:59:59+00:00,2021-09-13T23:59:59+00:00
k8s:kep-2365,stable,k8s:v1.23,k8s:sig-network,shipped,2021-08-23T23:59:59+00:00,2021-08-23T23:59:59+00:00,,,,2021-09-06T23:59:59+00:00,
k8s:kep-2400,beta,k8s:v1.23,k8s:sig-node,slipped,,2021-09-06T23:59:59+00:00,,,,2021-08-23T23:59:59+00:00,
k8s:kep-2403,beta,k8s:v1.23,k8s:sig-node,shipped,,2021-11-01T23:59:59+00:00,,,2021-09-13T23:59:59+00:00,2021-09-13T23:59:59+00:00,2021-09-13T23:59:59+00:00
k8s:kep-2413,beta,k8s:v1.23,k8s:sig-node,slipped,2021-08-23T23:59:59+00:00,2021-08-23T23:59:59+00:00,2021-10-25T23:59:59+00:00,2021-08-23T23:59:59+00:00,,2021-08-23T23:59:59+00:00,
k8s:kep-2420,stable,k8s:v1.23,k8s:sig-testing,shipped,2021-08-23T23:59:59+00:00,2021-10-18T23:59:59+00:00,,2021-08-23T23:59:59+00:00,,2021-08-23T23:59:59+00:00,
k8s:kep-2433,beta,k8s:v1.23,k8s:sig-network,shipped,,2021-11-08T23:59:59+00:00,,,2021-09-06T23:59:59+00:00,2021-09-06T23:59:59+00:00,2021-09-06T23:59:59+00:00
k8s:kep-2436,stable,k8s:v1.23,k8s:sig-cloud-provider,slipped,2021-08-23T23:59:59+00:00,2021-08-23T23:59:59+00:00,2021-10-25T23:59:59+00:00,2021-08-23T23:59:59+00:00,,,
k8s:kep-2438,beta,k8s:v1.23,k8s:sig-network,slipped,2021-09-13T23:59:59+00:00,2021-11-01T23:59:59+00:00,2021-10-25T23:59:59+00:00,2021-09-06T23:59:59+00:00,,2021-09-06T23:59:59+00:00,2021-09-06T23:59:59+00:00
k8s:kep-2464,beta,k8s:v1.23,k8s:sig-testing,unresolved,2021-08-23T23:59:59+00:00,2021-10-18T23:59:59+00:00,,2021-08-23T23:59:59+00:00,2021-08-23T23:59:59+00:00,2021-08-23T23:59:59+00:00,
k8s:kep-2572,beta,k8s:v1.23,k8s:sig-release,unresolved,2021-08-23T23:59:59+00:00,2021-08-23T23:59:59+00:00,2021-10-25T23:59:59+00:00,2021-08-23T23:59:59+00:00,,,
k8s:kep-2579,beta,k8s:v1.23,k8s:sig-auth,shipped,,,,2021-09-06T23:59:59+00:00,,,2021-09-06T23:59:59+00:00
k8s:kep-2590,alpha,k8s:v1.23,k8s:sig-cli,slipped,,2021-11-08T23:59:59+00:00,,2021-09-13T23:59:59+00:00,2021-09-13T23:59:59+00:00,2021-09-13T23:59:59+00:00,2021-09-13T23:59:59+00:00
k8s:kep-2593,alpha,k8s:v1.23,k8s:sig-network,slipped,2021-09-06T23:59:59+00:00,2021-09-06T23:59:59+00:00,,,,2021-09-06T23:59:59+00:00,2021-09-06T23:59:59+00:00
k8s:kep-2599,beta,k8s:v1.23,k8s:sig-apps,unresolved,2021-08-23T23:59:59+00:00,2021-08-23T23:59:59+00:00,,,,,
k8s:kep-2625,beta,k8s:v1.23,k8s:sig-node,unresolved,2021-08-23T23:59:59+00:00,2021-08-23T23:59:59+00:00,,,,2021-08-23T23:59:59+00:00,
k8s:kep-2644,alpha,k8s:v1.23,k8s:sig-storage,shipped,,2021-11-08T23:59:59+00:00,,,,2021-09-13T23:59:59+00:00,2021-09-13T23:59:59+00:00
k8s:kep-2699,alpha,k8s:v1.23,k8s:sig-cloud-provider,slipped,2021-09-13T23:59:59+00:00,2021-11-08T23:59:59+00:00,,2021-09-13T23:59:59+00:00,,,2021-09-13T23:59:59+00:00
k8s:kep-2712,alpha,k8s:v1.23,k8s:sig-node,exception_granted,,,,,2021-09-13T23:59:59+00:00,2021-09-13T23:59:59+00:00,2021-09-13T23:59:59+00:00
k8s:kep-277,beta,k8s:v1.23,k8s:sig-node,shipped,2021-08-23T23:59:59+00:00,2021-11-01T23:59:59+00:00,,2021-08-23T23:59:59+00:00,2021-08-23T23:59:59+00:00,2021-08-23T23:59:59+00:00,
k8s:kep-2784,stable,k8s:v1.23,k8s:sig-auth,slipped,2021-08-23T23:59:59+00:00,2021-09-06T23:59:59+00:00,2021-10-25T23:59:59+00:00,,,,
k8s:kep-2802,alpha,k8s:v1.23,k8s:sig-windows,shipped,,2021-11-08T23:59:59+00:00,,2021-09-13T23:59:59+00:00,,2021-09-13T23:59:59+00:00,2021-09-13T23:59:59+00:00
k8s:kep-2845,alpha,k8s:v1.23,k8s:sig-instrumentation,shipped,2021-08-30T23:59:59+00:00,2021-11-08T23:59:59+00:00,,2021-08-30T23:59:59+00:00,,2021-08-30T23:59:59+00:00,2021-08-30T23:59:59+00:00
k8s:kep-2876,alpha,k8s:v1.23,k8s:sig-api-machinery,unresolved,,,,,,2021-09-13T23:59:59+00:00,2021-09-13T23:59:59+00:00
k8s:kep-2879,alpha,k8s:v1.23,k8s:sig-apps,shipped,,2021-11-01T23:59:59+00:00,,,,,2021-09-06T23:59:59+00:00
k8s:kep-2885,alpha,k8s:v1.23,k8s:sig-api-machinery,exception_granted,,2021-11-08T23:59:59+00:00,,,,2021-09-13T23:59:59+00:00,2021-09-13T23:59:59+00:00
k8s:kep-2887,alpha,k8s:v1.23,k8s:sig-api-machinery,shipped,,2021-11-08T23:59:59+00:00,,,,2021-09-13T23:59:59+00:00,2021-09-13T23:59:59+00:00
k8s:kep-2891,alpha,k8s:v1.23,k8s:sig-scheduling,unresolved,,2021-11-08T23:59:59+00:00,2021-10-25T23:59:59+00:00,,,,2021-09-13T23:59:59+00:00
k8s:kep-2896,alpha,k8s:v1.23,k8s:sig-api-machinery,unresolved,,2021-11-08T23:59:59+00:00,,,,2021-09-13T23:59:59+00:00,2021-09-13T23:59:59+00:00
k8s:kep-2902,alpha,k8s:v1.23,k8s:sig-node,unresolved,,,,,,2021-09-13T23:59:59+00:00,2021-09-13T23:59:59+00:00
k8s:kep-2915,alpha,k8s:v1.23,k8s:sig-cluster-lifecycle,unresolved,,2021-11-08T23:59:59+00:00,,,,,2021-09-13T23:59:59+00:00
k8s:kep-2926,beta,k8s:v1.23,k8s:sig-scheduling,shipped,,,,2021-09-13T23:59:59+00:00,,,2021-09-13T23:59:59+00:00
k8s:kep-563,stable,k8s:v1.23,k8s:sig-network,shipped,2021-08-23T23:59:59+00:00,2021-11-08T23:59:59+00:00,,2021-08-23T23:59:59+00:00,2021-08-23T23:59:59+00:00,2021-09-06T23:59:59+00:00,
k8s:kep-592,stable,k8s:v1.23,k8s:sig-apps,shipped,2021-08-23T23:59:59+00:00,2021-08-23T23:59:59+00:00,,2021-08-23T23:59:59+00:00,,,
k8s:kep-695,stable,k8s:v1.23,k8s:sig-storage,shipped,,2021-11-01T23:59:59+00:00,,2021-09-06T23:59:59+00:00,2021-09-06T23:59:59+00:00,2021-09-06T23:59:59+00:00,2021-09-06T23:59:59+00:00
k8s:kep-961,alpha,k8s:v1.23,k8s:sig-apps,slipped,,2021-10-18T23:59:59+00:00,,,2021-09-06T23:59:59+00:00,,2021-09-06T23:59:59+00:00
k8s:kep-1164,stable,k8s:v1.24,k8s:sig-api-machinery,shipped,,2022-03-14T23:59:59+00:00,,2022-01-24T23:59:59+00:00,2022-01-24T23:59:59+00:00,2022-01-31T23:59:59+00:00,2022-01-24T23:59:59+00:00
k8s:kep-1258,stable,k8s:v1.24,k8s:sig-scheduling,shipped,2022-01-24T23:59:59+00:00,2022-03-21T23:59:59+00:00,,,2022-01-24T23:59:59+00:00,2022-01-24T23:59:59+00:00,2022-01-24T23:59:59+00:00
k8s:kep-1287,alpha,k8s:v1.24,k8s:sig-node,slipped,,2022-03-14T23:59:59+00:00,,2022-01-31T23:59:59+00:00,2022-01-31T23:59:59+00:00,2022-02-07T23:59:59+00:00,2022-01-31T23:59:59+00:00
k8s:kep-1432,beta,k8s:v1.24,k8s:sig-storage,slipped,2022-01-10T23:59:59+00:00,2022-01-10T23:59:59+00:00,,,2022-01-10T23:59:59+00:00,2022-01-31T23:59:59+00:00,
k8s:kep-1435,beta,k8s:v1.24,k8s:sig-network,shipped,,,,2022-02-07T23:59:59+00:00,2022-02-07T23:59:59+00:00,2022-02-07T23:59:59+00:00,2022-02-07T23:59:59+00:00
k8s:kep-1487,stable,k8s:v1.24,k8s:sig-storage,slipped,,,,2022-01-31T23:59:59+00:00,,2022-01-31T23:59:59+00:00,2022-01-31T23:59:59+00:00
k8s:kep-1489,stable,k8s:v1.24,k8s:sig-storage,unresolved,,2022-03-14T23:59:59+00:00,,2022-01-31T23:59:59+00:00,,2022-01-31T23:59:59+00:00,2022-01-31T23:59:59+00:00
k8s:kep-1490,stable,k8s:v1.24,k8s:sig-storage,shipped,,2022-03-14T23:59:59+00:00,,2022-01-31T23:59:59+00:00,,2022-01-31T23:59:59+00:00,2022-01-31T23:59:59+00:00
k8s:kep-1495,beta,k8s:v1.24,k8s:sig-storage,unresolved,,2022-03-28T23:59:59+00:00,,2022-01-31T23:59:59+00:00,2022-01-31T23:59:59+00:00,2022-01-31T23:59:59+00:00,2022-01-31T23:59:59+00:00
k8s:kep-1591,stable,k8s:v1.24,k8s:sig-apps,slipped,2022-01-10T23:59:59+00:00,2022-01-10T23:59:59+00:00,2022-03-07T23:59:59+00:00,2022-01-10T23:59:59+00:00,2022-01-10T23:59:59+00:00,2022-02-07T23:59:59+00:00,
k8s:kep-1710,alpha,k8s:v1.24,k8s:sig-storage,unresolved,,,,2022-02-07T23:59:59+00:00,2022-02-07T23:59:59+00:00,2022-02-07T23:59:59+00:00,2022-02-07T23:59:59+00:00
k8s:kep-1753,deprecated,k8s:v1.24,k8s:sig-instrumentation,shipped,2022-01-10T23:59:59+00:00,2022-03-07T23:59:59+00:00,2022-03-07T23:59:59+00:00,2022-01-10T23:59:59+00:00,,2022-01-10T23:59:59+00:00,
k8s:kep-1753,removed,k8s:v1.24,k8s:sig-instrumentation,shipped,2022-01-10T23:59:59+00:00,2022-03-07T23:59:59+00:00,2022-03-07T23:59:59+00:00,2022-01-10T23:59:59+00:00,,2022-01-10T23:59:59+00:00,
k8s:kep-1790,beta,k8s:v1.24,k8s:sig-storage,slipped,2022-03-28T23:59:59+00:00,2022-03-28T23:59:59+00:00,,2022-02-07T23:59:59+00:00,2022-02-07T23:59:59+00:00,2022-02-07T23:59:59+00:00,2022-02-07T23:59:59+00:00
k8s:kep-1847,beta,k8s:v1.24,k8s:sig-apps,slipped,2022-01-10T23:59:59+00:00,2022-01-31T23:59:59+00:00,2022-03-07T23:59:59+00:00,2022-01-10T23:59:59+00:00,2022-01-10T23:59:59+00:00,2022-02-07T23:59:59+00:00,
k8s:kep-1864,stable,k8s:v1.24,k8s:sig-network,shipped,2022-01-24T23:59:59+00:00,2022-03-21T23:59:59+00:00,,2022-01-24T23:59:59+00:00,2022-01-24T23:59:59+00:00,2022-02-07T23:59:59+00:00,2022-01-24T23:59:59+00:00
k8s:kep-1904,stable,k8s:v1.24,k8s:sig-api-machinery,shipped,2022-01-10T23:59:59+00:00,2022-01-24T23:59:59+00:00,,2022-01-10T23:59:59+00:00,2022-01-10T23:59:59+00:00,2022-01-31T23:59:59+00:00,
k8s:kep-1923,stable,k8s:v1.24,k8s:sig-scheduling,shipped,2022-01-10T23:59:59+00:00,2022-02-07T23:59:59+00:00,,,,2022-01-17T23:59:59+00:00,
k8s:kep-1959,stable,k8s:v1.24,k8s:sig-cloud-provider,unresolved,,2022-03-21T23:59:59+00:00,,2022-01-31T23:59:59+00:00,,2022-02-07T23:59:59+00:00,2022-01-31T23:59:59+00:00
k8s:kep-1972,stable,k8s:v1.24,k8s:sig-node,unresolved,2022-02-07T23:59:59+00:00,,2022-03-07T23:59:59+00:00,,2022-02-07T23:59:59+00:00,2022-02-07T23:59:59+00:00,2022-02-07T23:59:59+00:00
k8s:kep-2008,alpha,k8s:v1.24,k8s:sig-node,slipped,2022-02-07T23:59:59+00:00,2022-03-28T23:59:59+00:00,,,,2022-02-07T23:59:59+00:00,2022-02-07T23:59:59+00:00
k8s:kep-2025,stable,k8s:v1.24,k8s:sig-cloud-provider,unresolved,2022-01-10T23:59:59+00:00,2022-01-10T23:59:59+00:00,2022-03-07T23:59:59+00:00,2022-01-10T23:59:59+00:00,,2022-02-07T23:59:59+00:00,
k8s:kep-2091,alpha,k8s:v1.24,k8s:sig-network,unresolved,,,,,,2022-02-07T23:59:59+00:00,2022-02-07T23:59:59+00:00
k8s:kep-2133,beta,k8s:v1.24,k8s:sig-node,unresolved,,2022-03-21T23:59:59+00:00,,2022-02-07T23:59:59+00:00,2022-02-07T23:59:59+00:00,2022-02-07T23:59:59+00:00,2022-02-07T23:59:59+00:00
k8s:kep-2214,stable,k8s:v1.24,k8s:sig-apps,shipped,,,,,2022-01-31T23:59:59+00:00,2022-02-07T23:59:59+00:00,2022-01-31T23:59:59+00:00
k8s:kep-2232,stable,k8s:v1.24,k8s:sig-apps,shipped,2022-01-10T23:59:59+00:00,2022-01-10T23:59:59+00:00,,,,2022-02-07T23:59:59+00:00,
k8s:kep-2249,stable,k8s:v1.24,k8s:sig-scheduling,shipped,2022-01-10T23:59:59+00:00,2022-03-14T23:59:59+00:00,,2022-01-10T23:59:59+00:00,,2022-01-17T23:59:59+00:00,
k8s:kep-2255,stable,k8s:v1.24,k8s:sig-apps,unresolved,2022-01-10T23:59:59+00:00,2022-01-10T23:59:59+00:00,2022-03-07T23:59:59+00:00,,,2022-02-07T23:59:59+00:00,
k8s:kep-2258,alpha,k8s:v1.24,k8s:sig-windows,slipped,,2022-01-24T23:59:59+00:00,,2022-01-24T23:59:59+00:00,2022-01-24T23:59:59+00:00,2022-01-24T23:59:59+00:00,2022-01-24T23:59:59+00:00
k8s:kep-2268,alpha,k8s:v1.24,k8s:sig-storage,shipped,,,,2022-02-07T23:59:59+00:00,,2022-02-07T23:59:59+00:00,2022-02-07T23:59:59+00:00
k8s:kep-2371,beta,k8s:v1.24,k8s:sig-node,slipped,2022-03-21T23:59:59+00:00,,,,,2022-02-07T23:59:59+00:00,2022-02-07T23:59:59+00:00
k8s:kep-2400,beta,k8s:v1.24,k8s:sig-node,slipped,2022-03-21T23:59:59+00:00,2022-02-21T23:59:59+00:00,,,2022-01-17T23:59:59+00:00,2022-02-07T23:59:59+00:00,
k8s:kep-2403,stable,k8s:v1.24,k8s:sig-node,slipped,2022-01-10T23:59:59+00:00,2022-01-10T23:59:59+00:00,2022-03-07T23:59:59+00:00,,2022-01-10T23:59:59+00:00,2022-02-07T23:59:59+00:00,
k8s:kep-2436,stable,k8s:v1.24,k8s:sig-cloud-provider,unresolved,,,,2022-02-07T23:59:59+00:00,2022-02-07T23:59:59+00:00,2022-02-07T23:59:59+00:00,2022-02-07T23:59:59+00:00
k8s:kep-2438,alpha,k8s:v1.24,k8s:sig-network,shipped,2022-01-24T23:59:59+00:00,2022-03-14T23:59:59+00:00,,2022-01-24T23:59:59+00:00,2022-01-24T23:59:59+00:00,2022-02-07T23:59:59+00:00,2022-01-24T23:59:59+00:00
k8s:kep-2458,stable,k8s:v1.24,k8s:sig-scheduling,unresolved,2022-01-10T23:59:59+00:00,2022-01-10T23:59:59+00:00,2022-03-07T23:59:59+00:00,,,2022-01-17T23:59:59+00:00,
k8s:kep-2464,stable,k8s:v1.24,k8s:sig-testing,unresolved,2022-01-10T23:59:59+00:00,2022-01-10T23:59:59+00:00,2022-03-07T23:59:59+00:00,2022-01-10T23:59:59+00:00,2022-01-10T23:59:59+00:00,,
k8s:kep-2535,alpha,k8s:v1.24,k8s:sig-node,slipped,2022-03-28T23:59:59+00:00,2022-03-14T23:59:59+00:00,,,2022-01-17T23:59:59+00:00,2022-02-07T23:59:59+00:00,
k8s:kep-2551,alpha,k8s:v1.24,k8s:sig-cli,unresolved,2022-02-07T23:59:59+00:00,,,,,2022-02-07T23:59:59+00:00,2022-02-07T23:59:59+00:00
k8s:kep-2578,alpha,k8s:v1.24,k8s:sig-windows,unresolved,,,,2022-01-24T23:59:59+00:00,,2022-01-24T23:59:59+00:00,2022-01-24T23:59:59+00:00
k8s:kep-2589,beta,k8s:v1.24,k8s:sig-storage,slipped,2022-01-10T23:59:59+00:00,2022-01-10T23:59:59+00:00,,2022-01-10T23:59:59+00:00,,2022-01-31T23:59:59+00:00,
k8s:kep-2590,alpha,k8s:v1.24,k8s:sig-cli,unresolved,2022-01-24T23:59:59+00:00,2022-03-21T23:59:59+00:00,,2022-01-24T23:59:59+00:00,2022-01-24T23:59:59+00:00,2022-01-24T23:59:59+00:00,2022-01-24T23:59:59+00:00
k8s:kep-2593,alpha,k8s:v1.24,k8s:sig-network,slipped,,2022-03-28T23:59:59+00:00,,,2022-01-31T23:59:59+00:00,2022-02-07T23:59:59+00:00,2022-01-31T23:59:59+00:00
k8s:kep-2644,beta,k8s:v1.24,k8s:sig-storage,slipped,2022-01-10T23:59:59+00:00,2022-01-10T23:59:59+00:00,,,,2022-01-31T23:59:59+00:00,
k8s:kep-2681,alpha,k8s:v1.24,k8s:sig-network,slipped,2022-03-07T23:59:59+00:00,2022-03-21T23:59:59+00:00,,2022-01-24T23:59:59+00:00,,2022-02-07T23:59:59+00:00,2022-01-24T23:59:59+00:00
k8s:kep-2712,beta,k8s:v1.24,k8s:sig-node,unresolved,,,,,,2022-02-07T23:59:59+00:00,2022-02-07T23:59:59+00:00
k8s:kep-2727,beta,k8s:v1.24,k8s:sig-node,shipped,,2022-03-28T23:59:59+00:00,,2022-02-07T23:59:59+00:00,,2022-02-07T23:59:59+00:00,2022-02-07T23:59:59+00:00
k8s:kep-2763,alpha,k8s:v1.24,k8s:sig-security,unresolved,2022-01-10T23:59:59+00:00,2022-01-10T23:59:59+00:00,2022-03-07T23:59:59+00:00,2022-01-10T23:59:59+00:00,,,
k8s:kep-2784,stable,k8s:v1.24,k8s:sig-auth,shipped,,,,,2022-01-31T23:59:59+00:00,2022-02-07T23:59:59+00:00,2022-01-31T23:59:59+00:00
k8s:kep-2799,alpha,k8s:v1.24,k8s:sig-auth,unresolved,,2022-03-28T23:59:59+00:00,,,,2022-02-07T23:59:59+00:00,2022-01-31T23:59:59+00:00
k8s:kep-2802,beta,k8s:v1.24,k8s:sig-windows,unresolved,2022-01-10T23:59:59+00:00,2022-03-21T23:59:59+00:00,,2022-01-10T23:59:59+00:00,,2022-01-24T23:59:59+00:00,
k8s:kep-2804,alpha,k8s:v1.24,k8s:sig-apps,unresolved,2022-03-28T23:59:59+00:00,,,,,2022-02-07T23:59:59+00:00,2022-02-07T23:59:59+00:00
k8s:kep-281,removed,k8s:v1.24,k8s:sig-node,shipped,2022-01-10T23:59:59+00:00,2022-01-10T23:59:59+00:00,2022-03-07T23:59:59+00:00,,,2022-02-07T23:59:59+00:00,
k8s:kep-2831,alpha,k8s:v1.24,k8s:sig-instrumentation,slipped,,,,2022-02-07T23:59:59+00:00,,2022-02-07T23:59:59+00:00,2022-02-07T23:59:59+00:00
k8s:kep-284,stable,k8s:v1.24,k8s:sig-storage,shipped,2022-02-07T23:59:59+00:00,,,2022-02-07T23:59:59+00:00,,2022-02-07T23:59:59+00:00,2022-02-07T23:59:59+00:00
k8s:kep-2845,beta,k8s:v1.24,k8s:sig-instrumentation,unresolved,2022-01-10T23:59:59+00:00,2022-01-17T23:59:59+00:00,,2022-01-10T23:59:59+00:00,,2022-01-10T23:59:59+00:00,
k8s:kep-2879,beta,k8s:v1.24,k8s:sig-apps,shipped,2022-01-10T23:59:59+00:00,,,,,2022-02-07T23:59:59+00:00,
k8s:kep-2885,beta,k8s:v1.24,k8s:sig-api-machinery,slipped,2022-01-10T23:59:59+00:00,2022-03-21T23:59:59+00:00,,,,2022-01-31T23:59:59+00:00,
k8s:kep-2891,beta,k8s:v1.24,k8s:sig-scheduling,shipped,2022-01-10T23:59:59+00:00,2022-01-10T23:59:59+00:00,,,,2022-01-17T23:59:59+00:00,
k8s:kep-2896,beta,k8s:v1.24,k8s:sig-api-machinery,unresolved,,,,,,2022-02-07T23:59:59+00:00,2022-02-07T23:59:59+00:00
k8s:kep-2902,beta,k8s:v1.24,k8s:sig-node,slipped,2022-01-10T23:59:59+00:00,2022-01-10T23:59:59+00:00,2022-03-07T23:59:59+00:00,,,2022-02-07T23:59:59+00:00,
k8s:kep-2906,beta,k8s:v1.24,k8s:sig-cli,slipped,2022-01-10T23:59:59+00:00,2022-01-24T23:59:59+00:00,,,,2022-01-24T23:59:59+00:00,
k8s:kep-2915,beta,k8s:v1.24,k8s:sig-cluster-lifecycle,unresolved,2022-02-07T23:59:59+00:00,2022-03-07T23:59:59+00:00,2022-03-07T23:59:59+00:00,,,,
k8s:kep-2923,beta,k8s:v1.24,k8s:sig-storage,slipped,2022-01-10T23:59:59+00:00,2022-01-10T23:59:59+00:00,,2022-01-10T23:59:59+00:00,,2022-01-31T23:59:59+00:00,
k8s:kep-2924,alpha,k8s:v1.24,k8s:sig-storage,slipped,,2022-03-28T23:59:59+00:00,,2022-01-31T23:59:59+00:00,,2022-01-31T23:59:59+00:00,2022-01-31T23:59:59+00:00
k8s:kep-2943,alpha,k8s:v1.24,k8s:sig-network,shipped,2022-02-07T23:59:59+00:00,,,,,2022-02-07T23:59:59+00:00,2022-02-07T23:59:59+00:00
k8s:kep-3017,alpha,k8s:v1.24,k8s:sig-apps,slipped,,,,2022-02-07T23:59:59+00:00,,2022-02-07T23:59:59+00:00,2022-02-07T23:59:59+00:00
k8s:kep-3022,alpha,k8s:v1.24,k8s:sig-scheduling,shipped,2022-01-17T23:59:59+00:00,2022-03-14T23:59:59+00:00,,2022-01-17T23:59:59+00:00,,2022-01-17T23:59:59+00:00,2022-01-17T23:59:59+00:00
k8s:kep-3031,alpha,k8s:v1.24,k8s:sig-release,unresolved,,2022-03-28T23:59:59+00:00,,2022-01-31T23:59:59+00:00,2022-01-31T23:59:59+00:00,,2022-01-31T23:59:59+00:00
k8s:kep-3070,alpha,k8s:v1.24,k8s:sig-network,shipped,2022-01-10T23:59:59+00:00,2022-03-07T23:59:59+00:00,,,,2022-02-07T23:59:59+00:00,
k8s:kep-3077,alpha,k8s:v1.24,k8s:sig-instrumentation,shipped,,,,2022-02-07T23:59:59+00:00,,2022-02-07T23:59:59+00:00,2022-02-07T23:59:59+00:00
k8s:kep-3094,alpha,k8s:v1.24,k8s:sig-scheduling,slipped,,2022-03-28T23:59:59+00:00,,,,2022-01-31T23:59:59+00:00,2022-01-31T23:59:59+00:00
k8s:kep-3107,alpha,k8s:v1.24,k8s:sig-storage,slipped,,2022-03-28T23:59:59+00:00,,,,2022-02-07T23:59:59+00:00,2022-02-07T23:59:59+00:00
k8s:kep-3130,alpha,k8s:v1.24,k8s:sig-auth,dropped,2022-03-28T23:59:59+00:00,,,,,2022-02-07T23:59:59+00:00,2022-02-07T23:59:59+00:00
k8s:kep-3136,stable,k8s:v1.24,k8s:sig-architecture,shipped,,,,2022-02-07T23:59:59+00:00,,,2022-02-07T23:59:59+00:00
k8s:kep-3140,alpha,k8s:v1.24,k8s:sig-apps,unresolved,,,,,,2022-02-07T23:59:59+00:00,2022-02-07T23:59:59+00:00
k8s:kep-3141,alpha,k8s:v1.24,k8s:sig-storage,unresolved,2022-02-07T23:59:59+00:00,2022-03-28T23:59:59+00:00,,,,2022-02-07T23:59:59+00:00,2022-02-07T23:59:59+00:00
k8s:kep-3156,alpha,k8s:v1.24,k8s:sig-api-machinery,unresolved,2022-01-31T23:59:59+00:00,2022-03-28T23:59:59+00:00,2022-03-07T23:59:59+00:00,2022-01-31T23:59:59+00:00,,2022-01-31T23:59:59+00:00,2022-01-31T23:59:59+00:00
k8s:kep-3157,alpha,k8s:v1.24,k8s:sig-api-machinery,slipped,2022-02-07T23:59:59+00:00,,2022-03-07T23:59:59+00:00,2022-02-07T23:59:59+00:00,,2022-02-07T23:59:59+00:00,2022-02-07T23:59:59+00:00
k8s:kep-596,stable,k8s:v1.24,k8s:sig-storage,slipped,2022-03-28T23:59:59+00:00,,,,,2022-02-07T23:59:59+00:00,2022-02-07T23:59:59+00:00
k8s:kep-625,stable,k8s:v1.24,k8s:sig-storage,slipped,2022-01-17T23:59:59+00:00,2022-03-28T23:59:59+00:00,,2022-01-17T23:59:59+00:00,,2022-01-31T23:59:59+00:00,2022-01-17T23:59:59+00:00
k8s:kep-647,beta,k8s:v1.24,k8s:sig-instrumentation,slipped,2022-03-28T23:59:59+00:00,2022-03-28T23:59:59+00:00,,2022-01-31T23:59:59+00:00,,2022-01-31T23:59:59+00:00,2022-01-31T23:59:59+00:00
k8s:kep-688,stable,k8s:v1.24,k8s:sig-node,shipped,,,,2022-02-07T23:59:59+00:00,,2022-02-07T23:59:59+00:00,2022-02-07T23:59:59+00:00
k8s:kep-859,stable,k8s:v1.24,k8s:sig-cli,slipped,2022-01-10T23:59:59+00:00,2022-01-10T23:59:59+00:00,2022-03-07T23:59:59+00:00,2022-01-10T23:59:59+00:00,,2022-01-24T23:59:59+00:00,
k8s:kep-902,stable,k8s:v1.24,k8s:sig-scheduling,shipped,2022-01-17T23:59:59+00:00,2022-03-14T23:59:59+00:00,,,,2022-01-17T23:59:59+00:00,2022-01-17T23:59:59+00:00
k8s:kep-961,alpha,k8s:v1.24,k8s:sig-apps,shipped,,2022-02-28T23:59:59+00:00,,,2022-02-07T23:59:59+00:00,2022-02-07T23:59:59+00:00,2022-02-07T23:59:59+00:00
k8s:kep-1029,beta,k8s:v1.25,k8s:sig-node,slipped,,,,,,2022-06-27T23:59:59+00:00,2022-06-27T23:59:59+00:00
k8s:kep-127,alpha,k8s:v1.25,k8s:sig-node,exception_granted,2022-06-13T23:59:59+00:00,,,,,2022-06-13T23:59:59+00:00,2022-06-13T23:59:59+00:00
k8s:kep-1287,alpha,k8s:v1.25,k8s:sig-node,slipped,2022-06-06T23:59:59+00:00,,,2022-06-06T23:59:59+00:00,2022-06-06T23:59:59+00:00,2022-06-13T23:59:59+00:00,
k8s:kep-1432,beta,k8s:v1.25,k8s:sig-storage,slipped,2022-05-23T23:59:59+00:00,2022-05-23T23:59:59+00:00,2022-07-11T23:59:59+00:00,,2022-05-23T23:59:59+00:00,2022-05-23T23:59:59+00:00,
k8s:kep-1440,beta,k8s:v1.25,k8s:sig-cli,slipped,2022-05-23T23:59:59+00:00,2022-05-23T23:59:59+00:00,2022-07-11T23:59:59+00:00,,,2022-05-23T23:59:59+00:00,
k8s:kep-1487,stable,k8s:v1.25,k8s:sig-storage,shipped,2022-05-23T23:59:59+00:00,2022-05-23T23:59:59+00:00,,2022-05-23T23:59:59+00:00,2022-05-23T23:59:59+00:00,2022-05-23T23:59:59+00:00,
k8s:kep-1488,stable,k8s:v1.25,k8s:sig-storage,shipped,2022-05-23T23:59:59+00:00,2022-05-23T23:59:59+00:00,,2022-05-23T23:59:59+00:00,,2022-05-23T23:59:59+00:00,
k8s:kep-1495,stable,k8s:v1.25,k8s:sig-storage,slipped,2022-05-23T23:59:59+00:00,2022-05-23T23:59:59+00:00,2022-07-11T23:59:59+00:00,2022-05-23T23:59:59+00:00,2022-05-23T23:59:59+00:00,2022-05-23T23:59:59+00:00,
k8s:kep-1591,stable,k8s:v1.25,k8s:sig-apps,shipped,,,,2022-06-13T23:59:59+00:00,2022-06-13T23:59:59+00:00,,2022-06-13T23:59:59+00:00
k8s:kep-1710,beta,k8s:v1.25,k8s:sig-storage,slipped,,2022-05-23T23:59:59+00:00,2022-07-11T23:59:59+00:00,2022-05-23T23:59:59+00:00,2022-05-23T23:59:59+00:00,2022-05-23T23:59:59+00:00,
k8s:kep-1847,beta,k8s:v1.25,k8s:sig-apps,slipped,,,,2022-06-27T23:59:59+00:00,2022-06-27T23:59:59+00:00,,2022-06-27T23:59:59+00:00
k8s:kep-1880,alpha,k8s:v1.25,k8s:sig-network,slipped,2022-08-01T23:59:59+00:00,,,2022-06-27T23:59:59+00:00,,2022-06-27T23:59:59+00:00,2022-06-27T23:59:59+00:00
k8s:kep-2008,alpha,k8s:v1.25,k8s:sig-node,shipped,2022-06-06T23:59:59+00:00,,,,2022-06-06T23:59:59+00:00,2022-06-13T23:59:59+00:00,
k8s:kep-2079,stable,k8s:v1.25,k8s:sig-network,shipped,,,,,2022-06-27T23:59:59+00:00,2022-06-27T23:59:59+00:00,2022-06-27T23:59:59+00:00
k8s:kep-2086,stable,k8s:v1.25,k8s:sig-network,slipped,2022-05-23T23:59:59+00:00,2022-05-23T23:59:59+00:00,2022-07-11T23:59:59+00:00,,2022-05-23T23:59:59+00:00,2022-06-13T23:59:59+00:00,
k8s:kep-2091,beta,k8s:v1.25,k8s:sig-network,unresolved,2022-05-23T23:59:59+00:00,2022-05-23T23:59:59+00:00,2022-07-11T23:59:59+00:00,,,2022-06-13T23:59:59+00:00,
k8s:kep-2133,stable,k8s:v1.25,k8s:sig-node,slipped,,,,2022-06-20T23:59:59+00:00,2022-06-20T23:59:59+00:00,2022-06-20T23:59:59+00:00,2022-06-20T23:59:59+00:00
k8s:kep-2227,stable,k8s:v1.25,k8s:sig-cli,slipped,2022-05-23T23:59:59+00:00,2022-05-23T23:59:59+00:00,2022-07-11T23:59:59+00:00,,,2022-05-23T23:59:59+00:00,
k8s:kep-2254,stable,k8s:v1.25,k8s:sig-node,shipped,,,,2022-06-20T23:59:59+00:00,,2022-06-20T23:59:59+00:00,2022-06-20T23:59:59+00:00
k8s:kep-2258,alpha,k8s:v1.25,k8s:sig-windows,slipped,,2022-06-27T23:59:59+00:00,,2022-06-27T23:59:59+00:00,2022-06-27T23:59:59+00:00,2022-06-27T23:59:59+00:00,2022-06-27T23:59:59+00:00
k8s:kep-2268,beta,k8s:v1.25,k8s:sig-storage,slipped,2022-05-23T23:59:59+00:00,2022-05-23T23:59:59+00:00,2022-07-11T23:59:59+00:00,2022-05-23T23:59:59+00:00,,2022-05-23T23:59:59+00:00,
k8s:kep-2307,stable,k8s:v1.25,k8s:sig-apps,slipped,2022-05-23T23:59:59+00:00,2022-05-23T23:59:59+00:00,2022-07-11T23:59:59+00:00,,2022-05-23T23:59:59+00:00,,
k8s:kep-2413,beta,k8s:v1.25,k8s:sig-node,shipped,,,,2022-06-20T23:59:59+00:00,2022-06-20T23:59:59+00:00,2022-06-20T23:59:59+00:00,2022-06-20T23:59:59+00:00
k8s:kep-2433,stable,k8s:v1.25,k8s:sig-network,slipped,2022-05-23T23:59:59+00:00,2022-05-23T23:59:59+00:00,2022-07-11T23:59:59+00:00,,2022-05-23T23:59:59+00:00,2022-06-13T23:59:59+00:00,
k8s:kep-2535,beta,k8s:v1.25,k8s:sig-node,slipped,2022-05-23T23:59:59+00:00,2022-05-23T23:59:59+00:00,2022-07-11T23:59:59+00:00,,2022-05-23T23:59:59+00:00,2022-06-13T23:59:59+00:00,
k8s:kep-2578,beta,k8s:v1.25,k8s:sig-windows,unresolved,2022-05-23T23:59:59+00:00,2022-05-23T23:59:59+00:00,2022-07-11T23:59:59+00:00,2022-05-23T23:59:59+00:00,,2022-05-23T23:59:59+00:00,
k8s:kep-2579,stable,k8s:v1.25,k8s:sig-auth,shipped,2022-05-23T23:59:59+00:00,2022-08-01T23:59:59+00:00,,2022-05-23T23:59:59+00:00,,2022-06-20T23:59:59+00:00,
k8s:kep-2589,beta,k8s:v1.25,k8s:sig-storage,unresolved,,,,2022-06-20T23:59:59+00:00,2022-06-20T23:59:59+00:00,2022-06-20T23:59:59+00:00,2022-06-20T23:59:59+00:00
k8s:kep-2593,alpha,k8s:v1.25,k8s:sig-network,exception_granted,,,,,2022-06-27T23:59:59+00:00,2022-06-27T23:59:59+00:00,2022-06-27T23:59:59+00:00
k8s:kep-2599,stable,k8s:v1.25,k8s:sig-apps,shipped,2022-05-23T23:59:59+00:00,2022-05-23T23:59:59+00:00,,,,,
k8s:kep-2625,stable,k8s:v1.25,k8s:sig-node,slipped,2022-05-23T23:59:59+00:00,2022-05-23T23:59:59+00:00,2022-07-11T23:59:59+00:00,,,2022-06-13T23:59:59+00:00,
k8s:kep-2644,stable,k8s:v1.25,k8s:sig-storage,slipped,2022-05-23T23:59:59+00:00,2022-05-23T23:59:59+00:00,2022-07-11T23:59:59+00:00,,,2022-05-23T23:59:59+00:00,
k8s:kep-2681,beta,k8s:v1.25,k8s:sig-network,slipped,2022-05-23T23:59:59+00:00,2022-05-23T23:59:59+00:00,2022-07-11T23:59:59+00:00,2022-05-23T23:59:59+00:00,,2022-06-13T23:59:59+00:00,
k8s:kep-277,stable,k8s:v1.25,k8s:sig-node,unresolved,2022-05-23T23:59:59+00:00,2022-05-23T23:59:59+00:00,,2022-05-23T23:59:59+00:00,2022-05-23T23:59:59+00:00,2022-06-13T23:59:59+00:00,
k8s:kep-2799,beta,k8s:v1.25,k8s:sig-auth,unresolved,,,,,,2022-06-20T23:59:59+00:00,2022-06-20T23:59:59+00:00
k8s:kep-2802,stable,k8s:v1.25,k8s:sig-windows,shipped,2022-05-23T23:59:59+00:00,2022-08-01T23:59:59+00:00,,2022-05-23T23:59:59+00:00,,2022-05-23T23:59:59+00:00,
k8s:kep-2831,alpha,k8s:v1.25,k8s:sig-instrumentation,shipped,,,,2022-06-27T23:59:59+00:00,2022-06-27T23:59:59+00:00,,2022-06-27T23:59:59+00:00
k8s:kep-2845,stable,k8s:v1.25,k8s:sig-instrumentation,slipped,2022-05-23T23:59:59+00:00,2022-05-23T23:59:59+00:00,2022-07-11T23:59:59+00:00,2022-05-23T23:59:59+00:00,,,
k8s:kep-2853,stable,k8s:v1.25,k8s:sig-release,unresolved,2022-05-23T23:59:59+00:00,2022-05-23T23:59:59+00:00,2022-07-11T23:59:59+00:00,2022-05-23T23:59:59+00:00,,,
k8s:kep-2876,beta,k8s:v1.25,k8s:sig-api-machinery,unresolved,,2022-08-01T23:59:59+00:00,,,,,
k8s:kep-2885,beta,k8s:v1.25,k8s:sig-api-machinery,shipped,,,,,2022-06-13T23:59:59+00:00,,2022-06-13T23:59:59+00:00
k8s:kep-2891,stable,k8s:v1.25,k8s:sig-scheduling,unresolved,2022-05-23T23:59:59+00:00,2022-05-23T23:59:59+00:00,2022-07-11T23:59:59+00:00,,,,
k8s:kep-2902,stable,k8s:v1.25,k8s:sig-node,slipped,2022-05-23T23:59:59+00:00,2022-05-23T23:59:59+00:00,2022-07-11T23:59:59+00:00,,,2022-06-13T23:59:59+00:00,
k8s:kep-2906,beta,k8s:v1.25,k8s:sig-cli,unresolved,2022-05-23T23:59:59+00:00,2022-05-23T23:59:59+00:00,2022-07-11T23:59:59+00:00,,2022-05-23T23:59:59+00:00,2022-05-23T23:59:59+00:00,
k8s:kep-2915,stable,k8s:v1.25,k8s:sig-cluster-lifecycle,shipped,2022-05-23T23:59:59+00:00,2022-07-18T23:59:59+00:00,2022-07-11T23:59:59+00:00,,,,
k8s:kep-2923,beta,k8s:v1.25,k8s:sig-storage,slipped,,,,2022-06-13T23:59:59+00:00,2022-06-13T23:59:59+00:00,2022-06-13T23:59:59+00:00,2022-06-13T23:59:59+00:00
k8s:kep-2924,alpha,k8s:v1.25,k8s:sig-storage,slipped,,,,2022-06-13T23:59:59+00:00,2022-06-13T23:59:59+00:00,2022-06-13T23:59:59+00:00,2022-06-13T23:59:59+00:00
k8s:kep-2926,stable,k8s:v1.25,k8s:sig-scheduling,slipped,2022-05-23T23:59:59+00:00,2022-05-23T23:59:59+00:00,2022-07-11T23:59:59+00:00,2022-05-23T23:59:59+00:00,,,
k8s:kep-3000,alpha,k8s:v1.25,k8s:sig-release,shipped,2022-05-23T23:59:59+00:00,2022-07-11T23:59:59+00:00,2022-07-11T23:59:59+00:00,2022-05-23T23:59:59+00:00,,,
k8s:kep-3017,beta,k8s:v1.25,k8s:sig-apps,slipped,2022-05-23T23:59:59+00:00,2022-05-23T23:59:59+00:00,2022-07-11T23:59:59+00:00,2022-05-23T23:59:59+00:00,,,
k8s:kep-3022,beta,k8s:v1.25,k8s:sig-scheduling,shipped,2022-05-23T23:59:59+00:00,2022-05-23T23:59:59+00:00,,2022-05-23T23:59:59+00:00,,,
k8s:kep-3031,beta,k8s:v1.25,k8s:sig-release,slipped,2022-08-01T23:59:59+00:00,,,2022-06-27T23:59:59+00:00,,,2022-06-27T23:59:59+00:00
k8s:kep-3063,alpha,k8s:v1.25,k8s:sig-node,slipped,2022-08-01T23:59:59+00:00,,,2022-06-27T23:59:59+00:00,,2022-06-27T23:59:59+00:00,2022-06-27T23:59:59+00:00
k8s:kep-3070,beta,k8s:v1.25,k8s:sig-network,shipped,2022-05-23T23:59:59+00:00,2022-05-23T23:59:59+00:00,,,,2022-06-13T23:59:59+00:00,
k8s:kep-3085,alpha,k8s:v1.25,k8s:sig-node,slipped,,,,,,2022-06-27T23:59:59+00:00,2022-06-27T23:59:59+00:00
k8s:kep-3094,alpha,k8s:v1.25,k8s:sig-scheduling,shipped,2022-05-23T23:59:59+00:00,,,,2022-05-23T23:59:59+00:00,,
k8s:kep-3104,alpha,k8s:v1.25,k8s:sig-cli,slipped,,,,,,2022-06-27T23:59:59+00:00,2022-06-27T23:59:59+00:00
k8s:kep-3107,alpha,k8s:v1.25,k8s:sig-storage,unresolved,,,,,2022-06-06T23:59:59+00:00,2022-06-06T23:59:59+00:00,
k8s:kep-3130,beta,k8s:v1.25,k8s:sig-auth,unresolved,2022-05-23T23:59:59+00:00,2022-07-04T23:59:59+00:00,2022-07-11T23:59:59+00:00,,,2022-06-20T23:59:59+00:00,
k8s:kep-3140,beta,k8s:v1.25,k8s:sig-apps,unresolved,2022-05-23T23:59:59+00:00,2022-05-30T23:59:59+00:00,,,,,
k8s:kep-3141,beta,k8s:v1.25,k8s:sig-storage,slipped,2022-05-23T23:59:59+00:00,2022-05-23T23:59:59+00:00,2022-07-11T23:59:59+00:00,,,2022-05-23T23:59:59+00:00,
k8s:kep-3178,alpha,k8s:v1.25,k8s:sig-network,shipped,2022-06-13T23:59:59+00:00,,,2022-06-13T23:59:59+00:00,,2022-06-13T23:59:59+00:00,2022-06-13T23:59:59+00:00
k8s:kep-3203,alpha,k8s:v1.25,k8s:sig-security,unresolved,,,,2022-06-20T23:59:59+00:00,,,2022-06-20T23:59:59+00:00
k8s:kep-3243,alpha,k8s:v1.25,k8s:sig-scheduling,shipped,2022-06-13T23:59:59+00:00,,,,,,2022-06-13T23:59:59+00:00
k8s:kep-3288,alpha,k8s:v1.25,k8s:sig-node,slipped,,,,2022-06-20T23:59:59+00:00,,2022-06-20T23:59:59+00:00,2022-06-20T23:59:59+00:00
k8s:kep-3299,alpha,k8s:v1.25,k8s:sig-auth,exception_granted,,,,,,2022-06-20T23:59:59+00:00,2022-06-20T23:59:59+00:00
k8s:kep-3325,alpha,k8s:v1.25,k8s:sig-auth,slipped,,,,,,2022-06-27T23:59:59+00:00,2022-06-27T23:59:59+00:00
k8s:kep-3327,alpha,k8s:v1.25,k8s:sig-node,shipped,,,,,,2022-06-27T23:59:59+00:00,2022-06-27T23:59:59+00:00
k8s:kep-3329,alpha,k8s:v1.25,k8s:sig-apps,exception_granted,,,,2022-06-27T23:59:59+00:00,,,2022-06-27T23:59:59+00:00
k8s:kep-3333,alpha,k8s:v1.25,k8s:sig-storage,shipped,,2022-06-20T23:59:59+00:00,,,,2022-06-20T23:59:59+00:00,2022-06-20T23:59:59+00:00
k8s:kep-3352,alpha,k8s:v1.25,k8s:sig-api-machinery,slipped,,,,2022-06-27T23:59:59+00:00,,,2022-06-27T23:59:59+00:00
k8s:kep-3386,alpha,k8s:v1.25,k8s:sig-node,slipped,,,,,2022-06-27T23:59:59+00:00,2022-06-27T23:59:59+00:00,2022-06-27T23:59:59+00:00
k8s:kep-361,stable,k8s:v1.25,k8s:sig-storage,shipped,,,,2022-06-27T23:59:59+00:00,,2022-06-27T23:59:59+00:00,2022-06-27T23:59:59+00:00
k8s:kep-596,stable,k8s:v1.25,k8s:sig-storage,exception_granted,,,,,2022-06-20T23:59:59+00:00,2022-06-20T23:59:59+00:00,2022-06-20T23:59:59+00:00
k8s:kep-625,stable,k8s:v1.25,k8s:sig-storage,shipped,,,,2022-06-13T23:59:59+00:00,2022-06-13T23:59:59+00:00,2022-06-13T23:59:59+00:00,2022-06-13T23:59:59+00:00
k8s:kep-785,stable,k8s:v1.25,k8s:sig-scheduling,shipped,,,,2022-06-20T23:59:59+00:00,2022-06-20T23:59:59+00:00,,2022-06-20T23:59:59+00:00
k8s:kep-961,beta,k8s:v1.25,k8s:sig-apps,slipped,2022-05-23T23:59:59+00:00,2022-05-23T23:59:59+00:00,2022-07-11T23:59:59+00:00,,2022-05-23T23:59:59+00:00,,
k8s:kep-1287,alpha,k8s:v1.26,k8s:sig-node,slipped,2022-09-05T23:59:59+00:00,,,2022-09-05T23:59:59+00:00,2022-09-05T23:59:59+00:00,2022-10-10T23:59:59+00:00,
k8s:kep-1432,stable,k8s:v1.26,k8s:sig-storage,slipped,2022-09-05T23:59:59+00:00,2022-09-05T23:59:59+00:00,2022-10-17T23:59:59+00:00,,2022-09-05T23:59:59+00:00,2022-09-26T23:59:59+00:00,
k8s:kep-1435,stable,k8s:v1.26,k8s:sig-network,shipped,,,,2022-10-10T23:59:59+00:00,2022-10-10T23:59:59+00:00,2022-10-10T23:59:59+00:00,2022-10-10T23:59:59+00:00
k8s:kep-1440,beta,k8s:v1.26,k8s:sig-cli,exception_granted,,,,,2022-10-03T23:59:59+00:00,2022-10-10T23:59:59+00:00,2022-10-03T23:59:59+00:00
k8s:kep-1441,stable,k8s:v1.26,k8s:sig-cli,slipped,2022-09-05T23:59:59+00:00,2022-09-05T23:59:59+00:00,2022-10-17T23:59:59+00:00,2022-09-05T23:59:59+00:00,2022-09-05T23:59:59+00:00,2022-10-10T23:59:59+00:00,
k8s:kep-1491,stable,k8s:v1.26,k8s:sig-storage,shipped,,2022-09-05T23:59:59+00:00,,2022-09-05T23:59:59+00:00,,2022-09-26T23:59:59+00:00,
k8s:kep-1602,stable,k8s:v1.26,k8s:sig-instrumentation,unresolved,2022-09-05T23:59:59+00:00,2022-09-05T23:59:59+00:00,2022-10-17T23:59:59+00:00,2022-09-05T23:59:59+00:00,2022-09-05T23:59:59+00:00,2022-09-19T23:59:59+00:00,
k8s:kep-1669,beta,k8s:v1.26,k8s:sig-network,unresolved,,,,2022-10-03T23:59:59+00:00,,2022-10-10T23:59:59+00:00,2022-10-03T23:59:59+00:00
k8s:kep-1672,stable,k8s:v1.26,k8s:sig-network,shipped,,,,2022-10-03T23:59:59+00:00,,2022-10-10T23:59:59+00:00,2022-10-03T23:59:59+00:00
k8s:kep-1847,beta,k8s:v1.26,k8s:sig-apps,slipped,,,,2022-10-03T23:59:59+00:00,2022-10-03T23:59:59+00:00,,2022-10-03T23:59:59+00:00
k8s:kep-1885,stable,k8s:v1.26,k8s:sig-storage,shipped,,,,2022-10-03T23:59:59+00:00,,2022-10-03T23:59:59+00:00,2022-10-03T23:59:59+00:00
k8s:kep-1965,beta,k8s:v1.26,k8s:sig-api-machinery,unresolved,,,,,2022-10-10T23:59:59+00:00,2022-10-10T23:59:59+00:00,2022-10-10T23:59:59+00:00
k8s:kep-1981,stable,k8s:v1.26,k8s:sig-windows,shipped,2022-09-26T23:59:59+00:00,,,2022-09-26T23:59:59+00:00,2022-09-26T23:59:59+00:00,2022-10-10T23:59:59+00:00,2022-09-26T23:59:59+00:00
k8s:kep-2008,beta,k8s:v1.26,k8s:sig-node,slipped,2022-09-12T23:59:59+00:00,2022-09-05T23:59:59+00:00,2022-10-17T23:59:59+00:00,,2022-09-05T23:59:59+00:00,2022-10-10T23:59:59+00:00,
k8s:kep-2086,stable,k8s:v1.26,k8s:sig-network,unresolved,,,,,2022-10-10T23:59:59+00:00,2022-10-10T23:59:59+00:00,2022-10-10T23:59:59+00:00
k8s:kep-2133,stable,k8s:v1.26,k8s:sig-node,shipped,,,,2022-10-03T23:59:59+00:00,2022-10-03T23:59:59+00:00,2022-10-10T23:59:59+00:00,2022-10-03T23:59:59+00:00
k8s:kep-2258,alpha,k8s:v1.26,k8s:sig-windows,slipped,,2022-09-19T23:59:59+00:00,,2022-09-19T23:59:59+00:00,2022-09-19T23:59:59+00:00,2022-10-10T23:59:59+00:00,
k8s:kep-2268,beta,k8s:v1.26,k8s:sig-storage,shipped,,,,2022-10-03T23:59:59+00:00,2022-10-03T23:59:59+00:00,2022-10-03T23:59:59+00:00,2022-10-03T23:59:59+00:00
k8s:kep-2307,stable,k8s:v1.26,k8s:sig-apps,shipped,,,,,2022-09-26T23:59:59+00:00,,2022-09-26T23:59:59+00:00
k8s:kep-2317,stable,k8s:v1.26,k8s:sig-storage,shipped,,,,,,2022-10-10T23:59:59+00:00,2022-10-10T23:59:59+00:00
k8s:kep-2339,beta,k8s:v1.26,k8s:sig-api-machinery,slipped,,,,,,2022-10-10T23:59:59+00:00,2022-10-10T23:59:59+00:00
k8s:kep-2433,stable,k8s:v1.26,k8s:sig-network,slipped,,,,,2022-10-10T23:59:59+00:00,2022-10-10T23:59:59+00:00,2022-10-10T23:59:59+00:00
k8s:kep-2438,beta,k8s:v1.26,k8s:sig-network,unresolved,2022-09-05T23:59:59+00:00,2022-09-05T23:59:59+00:00,2022-10-17T23:59:59+00:00,2022-09-05T23:59:59+00:00,2022-09-05T23:59:59+00:00,2022-10-10T23:59:59+00:00,
k8s:kep-2572,stable,k8s:v1.26,k8s:sig-release,unresolved,2022-09-05T23:59:59+00:00,2022-09-05T23:59:59+00:00,2022-10-17T23:59:59+00:00,2022-09-05T23:59:59+00:00,,2022-09-05T23:59:59+00:00,
k8s:kep-2595,beta,k8s:v1.26,k8s:sig-network,unresolved,,,,2022-10-10T23:59:59+00:00,,2022-10-10T23:59:59+00:00,2022-10-10T23:59:59+00:00
k8s:kep-2718,alpha,k8s:v1.26,k8s:sig-auth,slipped,,,,2022-10-10T23:59:59+00:00,,2022-10-10T23:59:59+00:00,2022-10-10T23:59:59+00:00
k8s:kep-2804,beta,k8s:v1.26,k8s:sig-apps,unresolved,2022-09-05T23:59:59+00:00,2022-09-05T23:59:59+00:00,2022-10-17T23:59:59+00:00,,,,
k8s:kep-2831,beta,k8s:v1.26,k8s:sig-instrumentation,slipped,2022-09-12T23:59:59+00:00,2022-09-05T23:59:59+00:00,2022-10-17T23:59:59+00:00,2022-09-05T23:59:59+00:00,2022-09-05T23:59:59+00:00,2022-09-19T23:59:59+00:00,
k8s:kep-2885,stable,k8s:v1.26,k8s:sig-api-machinery,slipped,2022-09-12T23:59:59+00:00,2022-09-05T23:59:59+00:00,2022-10-17T23:59:59+00:00,,2022-09-05T23:59:59+00:00,2022-10-10T23:59:59+00:00,
k8s:kep-2923,beta,k8s:v1.26,k8s:sig-storage,slipped,2022-10-10T23:59:59+00:00,,,2022-09-26T23:59:59+00:00,2022-09-26T23:59:59+00:00,2022-09-26T23:59:59+00:00,2022-09-26T23:59:59+00:00
k8s:kep-2924,alpha,k8s:v1.26,k8s:sig-storage,unresolved,,,,2022-09-26T23:59:59+00:00,2022-09-26T23:59:59+00:00,2022-09-26T23:59:59+00:00,2022-09-26T23:59:59+00:00
k8s:kep-3000,beta,k8s:v1.26,k8s:sig-release,unresolved,2022-09-05T23:59:59+00:00,2022-09-05T23:59:59+00:00,2022-10-17T23:59:59+00:00,2022-09-05T23:59:59+00:00,,2022-09-05T23:59:59+00:00,
k8s:kep-3017,alpha,k8s:v1.26,k8s:sig-apps,exception_granted,,,,2022-10-03T23:59:59+00:00,2022-10-03T23:59:59+00:00,,2022-10-03T23:59:59+00:00
k8s:kep-3031,beta,k8s:v1.26,k8s:sig-release,unresolved,2022-09-05T23:59:59+00:00,2022-10-03T23:59:59+00:00,,2022-09-05T23:59:59+00:00,2022-09-05T23:59:59+00:00,2022-09-05T23:59:59+00:00,
k8s:kep-3063,alpha,k8s:v1.26,k8s:sig-node,slipped,,,,2022-10-10T23:59:59+00:00,2022-10-10T23:59:59+00:00,2022-10-10T23:59:59+00:00,2022-10-10T23:59:59+00:00
k8s:kep-3070,stable,k8s:v1.26,k8s:sig-network,unresolved,2022-09-12T23:59:59+00:00,2022-09-05T23:59:59+00:00,,,,2022-10-10T23:59:59+00:00,
k8s:kep-3085,beta,k8s:v1.26,k8s:sig-node,slipped,2022-09-12T23:59:59+00:00,,2022-10-17T23:59:59+00:00,2022-09-19T23:59:59+00:00,,2022-10-10T23:59:59+00:00,
k8s:kep-3094,beta,k8s:v1.26,k8s:sig-scheduling,unresolved,2022-09-12T23:59:59+00:00,2022-09-05T23:59:59+00:00,,,2022-09-05T23:59:59+00:00,,
k8s:kep-3107,beta,k8s:v1.26,k8s:sig-storage,slipped,2022-09-12T23:59:59+00:00,2022-09-05T23:59:59+00:00,2022-10-17T23:59:59+00:00,,2022-09-05T23:59:59+00:00,2022-09-26T23:59:59+00:00,
k8s:kep-3130,stable,k8s:v1.26,k8s:sig-auth,shipped,2022-09-05T23:59:59+00:00,2022-09-05T23:59:59+00:00,2022-10-17T23:59:59+00:00,,,2022-09-05T23:59:59+00:00,
k8s:kep-3141,stable,k8s:v1.26,k8s:sig-storage,slipped,2022-09-05T23:59:59+00:00,2022-09-05T23:59:59+00:00,2022-10-17T23:59:59+00:00,,,2022-09-26T23:59:59+00:00,
k8s:kep-3157,alpha,k8s:v1.26,k8s:sig-api-machinery,slipped,2022-10-10T23:59:59+00:00,,,2022-10-10T23:59:59+00:00,2022-10-10T23:59:59+00:00,2022-10-10T23:59:59+00:00,2022-10-10T23:59:59+00:00
k8s:kep-3243,beta,k8s:v1.26,k8s:sig-scheduling,slipped,2022-09-12T23:59:59+00:00,2022-09-05T23:59:59+00:00,2022-10-17T23:59:59+00:00,,,,
k8s:kep-3257,alpha,k8s:v1.26,k8s:sig-auth,slipped,,2022-10-10T23:59:59+00:00,,,,2022-10-10T23:59:59+00:00,2022-10-10T23:59:59+00:00
k8s:kep-3288,beta,k8s:v1.26,k8s:sig-node,slipped,2022-09-05T23:59:59+00:00,2022-09-05T23:59:59+00:00,2022-10-17T23:59:59+00:00,2022-09-05T23:59:59+00:00,,2022-10-10T23:59:59+00:00,
k8s:kep-3294,alpha,k8s:v1.26,k8s:sig-storage,exception_granted,,,,2022-10-10T23:59:59+00:00,,2022-10-10T23:59:59+00:00,2022-10-10T23:59:59+00:00
k8s:kep-3325,alpha,k8s:v1.26,k8s:sig-auth,shipped,2022-09-05T23:59:59+00:00,,,,2022-09-05T23:59:59+00:00,2022-09-05T23:59:59+00:00,
k8s:kep-3327,beta,k8s:v1.26,k8s:sig-node,slipped,2022-09-12T23:59:59+00:00,2022-09-05T23:59:59+00:00,2022-10-17T23:59:59+00:00,,,2022-10-10T23:59:59+00:00,
k8s:kep-3329,beta,k8s:v1.26,k8s:sig-apps,exception_granted,2022-09-12T23:59:59+00:00,2022-10-03T23:59:59+00:00,,2022-09-05T23:59:59+00:00,,,
k8s:kep-3333,beta,k8s:v1.26,k8s:sig-storage,shipped,,2022-09-05T23:59:59+00:00,,,,2022-09-26T23:59:59+00:00,
k8s:kep-3335,alpha,k8s:v1.26,k8s:sig-apps,exception_granted,,,,2022-10-10T23:59:59+00:00,,,2022-10-10T23:59:59+00:00
k8s:kep-3352,alpha,k8s:v1.26,k8s:sig-api-machinery,shipped,,,,2022-10-10T23:59:59+00:00,2022-10-10T23:59:59+00:00,2022-10-10T23:59:59+00:00,2022-10-10T23:59:59+00:00
k8s:kep-3386,alpha,k8s:v1.26,k8s:sig-node,shipped,,,,,2022-10-10T23:59:59+00:00,2022-10-10T23:59:59+00:00,2022-10-10T23:59:59+00:00
k8s:kep-3453,alpha,k8s:v1.26,k8s:sig-network,unresolved,,,,,,2022-10-10T23:59:59+00:00,2022-10-10T23:59:59+00:00
k8s:kep-3466,alpha,k8s:v1.26,k8s:sig-instrumentation,unresolved,,,,2022-09-26T23:59:59+00:00,,2022-09-26T23:59:59+00:00,2022-09-26T23:59:59+00:00
k8s:kep-3488,alpha,k8s:v1.26,k8s:sig-api-machinery,unresolved,,,,2022-10-03T23:59:59+00:00,,2022-10-10T23:59:59+00:00,2022-10-03T23:59:59+00:00
k8s:kep-3498,alpha,k8s:v1.26,k8s:sig-instrumentation,shipped,,,,2022-09-26T23:59:59+00:00,,2022-09-26T23:59:59+00:00,2022-09-26T23:59:59+00:00
k8s:kep-3503,alpha,k8s:v1.26,k8s:sig-windows,shipped,,,,2022-10-10T23:59:59+00:00,,2022-10-10T23:59:59+00:00,2022-10-10T23:59:59+00:00
k8s:kep-3515,alpha,k8s:v1.26,k8s:sig-cli,unresolved,,,,2022-10-10T23:59:59+00:00,,2022-10-10T23:59:59+00:00,2022-10-10T23:59:59+00:00
k8s:kep-3521,alpha,k8s:v1.26,k8s:sig-scheduling,unresolved,,,,2022-10-10T23:59:59+00:00,,,2022-10-10T23:59:59+00:00
k8s:kep-3545,alpha,k8s:v1.26,k8s:sig-node,shipped,,,,,,2022-10-10T23:59:59+00:00,2022-10-10T23:59:59+00:00
k8s:kep-3570,stable,k8s:v1.26,k8s:sig-node,shipped,,,,,,2022-10-10T23:59:59+00:00,2022-10-10T23:59:59+00:00
k8s:kep-3573,stable,k8s:v1.26,k8s:sig-node,shipped,,,,,,2022-10-10T23:59:59+00:00,2022-10-10T23:59:59+00:00
k8s:kep-647,beta,k8s:v1.26,k8s:sig-instrumentation,slipped,2022-09-19T23:59:59+00:00,,,2022-09-19T23:59:59+00:00,2022-09-19T23:59:59+00:00,2022-09-19T23:59:59+00:00,2022-09-19T23:59:59+00:00
k8s:kep-961,stable,k8s:v1.26,k8s:sig-apps,unresolved,2022-09-05T23:59:59+00:00,2022-09-05T23:59:59+00:00,2022-10-17T23:59:59+00:00,,2022-09-05T23:59:59+00:00,,
k8s:kep-1287,alpha,k8s:v1.27,k8s:sig-node,exception_granted,,,,2023-01-23T23:59:59+00:00,2023-01-23T23:59:59+00:00,2023-01-23T23:59:59+00:00,
k8s:kep-1440,stable,k8s:v1.27,k8s:sig-cli,slipped,2023-01-09T23:59:59+00:00,2023-01-09T23:59:59+00:00,2023-02-20T23:59:59+00:00,,2023-01-09T23:59:59+00:00,2023-01-09T23:59:59+00:00,
k8s:kep-1610,beta,k8s:v1.27,k8s:sig-autoscaling,shipped,,,,,,,2023-02-13T23:59:59+00:00
k8s:kep-1669,stable,k8s:v1.27,k8s:sig-network,slipped,2023-02-06T23:59:59+00:00,,,2023-02-06T23:59:59+00:00,,2023-02-06T23:59:59+00:00,2023-02-06T23:59:59+00:00
k8s:kep-1710,beta,k8s:v1.27,k8s:sig-storage,shipped,,,,2023-02-13T23:59:59+00:00,2023-02-13T23:59:59+00:00,2023-02-13T23:59:59+00:00,2023-02-13T23:59:59+00:00
k8s:kep-1748,stable,k8s:v1.27,k8s:sig-instrumentation,unresolved,,,,2023-02-13T23:59:59+00:00,2023-02-13T23:59:59+00:00,2023-02-13T23:59:59+00:00,2023-02-13T23:59:59+00:00
k8s:kep-1847,beta,k8s:v1.27,k8s:sig-apps,unresolved,2023-02-06T23:59:59+00:00,,,2023-02-06T23:59:59+00:00,2023-02-06T23:59:59+00:00,,2023-02-06T23:59:59+00:00
k8s:kep-1880,alpha,k8s:v1.27,k8s:sig-network,unresolved,,,,2023-02-13T23:59:59+00:00,2023-02-13T23:59:59+00:00,2023-02-13T23:59:59+00:00,2023-02-13T23:59:59+00:00
k8s:kep-2053,stable,k8s:v1.27,k8s:sig-node,shipped,,,,,2023-02-13T23:59:59+00:00,2023-02-13T23:59:59+00:00,2023-02-13T23:59:59+00:00
k8s:kep-2091,stable,k8s:v1.27,k8s:sig-network,unresolved,2023-01-09T23:59:59+00:00,2023-01-09T23:59:59+00:00,2023-02-20T23:59:59+00:00,,,2023-01-16T23:59:59+00:00,
k8s:kep-2227,stable,k8s:v1.27,k8s:sig-cli,shipped,,,,,2023-02-06T23:59:59+00:00,2023-02-06T23:59:59+00:00,2023-02-06T23:59:59+00:00
k8s:kep-2238,stable,k8s:v1.27,k8s:sig-node,slipped,2023-01-09T23:59:59+00:00,,,,2023-01-09T23:59:59+00:00,2023-01-09T23:59:59+00:00,
k8s:kep-2258,alpha,k8s:v1.27,k8s:sig-windows,shipped,2023-01-09T23:59:59+00:00,2023-01-09T23:59:59+00:00,,2023-01-09T23:59:59+00:00,2023-01-09T23:59:59+00:00,,
k8s:kep-2268,stable,k8s:v1.27,k8s:sig-storage,slipped,2023-01-09T23:59:59+00:00,2023-01-09T23:59:59+00:00,2023-02-20T23:59:59+00:00,2023-01-09T23:59:59+00:00,2023-01-09T23:59:59+00:00,2023-02-06T23:59:59+00:00,
k8s:kep-2339,stable,k8s:v1.27,k8s:sig-api-machinery,unresolved,2023-01-09T23:59:59+00:00,2023-01-09T23:59:59+00:00,2023-02-20T23:59:59+00:00,,,2023-02-06T23:59:59+00:00,
k8s:kep-2413,stable,k8s:v1.27,k8s:sig-node,shipped,,,,2023-02-13T23:59:59+00:00,2023-02-13T23:59:59+00:00,2023-02-13T23:59:59+00:00,2023-02-13T23:59:59+00:00
k8s:kep-2438,stable,k8s:v1.27,k8s:sig-network,unresolved,2023-01-09T23:59:59+00:00,2023-01-09T23:59:59+00:00,2023-02-20T23:59:59+00:00,2023-01-09T23:59:59+00:00,2023-01-09T23:59:59+00:00,2023-01-16T23:59:59+00:00,
k8s:kep-2485,beta,k8s:v1.27,k8s:sig-storage,unresolved,2023-02-06T23:59:59+00:00,,,2023-02-06T23:59:59+00:00,,2023-02-06T23:59:59+00:00,2023-02-06T23:59:59+00:00
k8s:kep-2535,stable,k8s:v1.27,k8s:sig-node,slipped,2023-01-09T23:59:59+00:00,2023-01-09T23:59:59+00:00,2023-02-20T23:59:59+00:00,,2023-01-09T23:59:59+00:00,2023-01-09T23:59:59+00:00,
k8s:kep-2570,alpha,k8s:v1.27,k8s:sig-node,shipped,,,,,2023-02-13T23:59:59+00:00,2023-02-13T23:59:59+00:00,2023-02-13T23:59:59+00:00
k8s:kep-2590,beta,k8s:v1.27,k8s:sig-cli,shipped,,,,2023-02-13T23:59:59+00:00,,2023-02-13T23:59:59+00:00,2023-02-13T23:59:59+00:00
k8s:kep-2593,beta,k8s:v1.27,k8s:sig-network,unresolved,2023-01-09T23:59:59+00:00,2023-01-09T23:59:59+00:00,,,2023-01-09T23:59:59+00:00,2023-01-16T23:59:59+00:00,
k8s:kep-2644,beta,k8s:v1.27,k8s:sig-storage,slipped,2023-01-09T23:59:59+00:00,2023-01-09T23:59:59+00:00,,,2023-01-09T23:59:59+00:00,2023-02-06T23:59:59+00:00,
k8s:kep-2681,alpha,k8s:v1.27,k8s:sig-network,slipped,2023-02-06T23:59:59+00:00,,,2023-02-06T23:59:59+00:00,2023-02-06T23:59:59+00:00,2023-02-06T23:59:59+00:00,2023-02-06T23:59:59+00:00
k8s:kep-2699,alpha,k8s:v1.27,k8s:sig-cloud-provider,shipped,,,,2023-02-13T23:59:59+00:00,2023-02-13T23:59:59+00:00,,2023-02-13T23:59:59+00:00
k8s:kep-2718,alpha,k8s:v1.27,k8s:sig-auth,unresolved,,,,2023-02-13T23:59:59+00:00,2023-02-13T23:59:59+00:00,2023-02-13T23:59:59+00:00,2023-02-13T23:59:59+00:00
k8s:kep-2727,stable,k8s:v1.27,k8s:sig-node,shipped,,,,2023-02-13T23:59:59+00:00,,2023-02-13T23:59:59+00:00,2023-02-13T23:59:59+00:00
k8s:kep-2804,stable,k8s:v1.27,k8s:sig-apps,unresolved,2023-01-09T23:59:59+00:00,2023-01-09T23:59:59+00:00,2023-02-20T23:59:59+00:00,,,,
k8s:kep-2831,beta,k8s:v1.27,k8s:sig-instrumentation,shipped,,,,2023-02-13T23:59:59+00:00,2023-02-13T23:59:59+00:00,2023-02-13T23:59:59+00:00,2023-02-13T23:59:59+00:00
k8s:kep-2885,stable,k8s:v1.27,k8s:sig-api-machinery,shipped,2023-01-30T23:59:59+00:00,,,,2023-01-30T23:59:59+00:00,2023-02-06T23:59:59+00:00,2023-01-30T23:59:59+00:00
k8s:kep-2896,stable,k8s:v1.27,k8s:sig-api-machinery,unresolved,2023-02-06T23:59:59+00:00,,,,,2023-02-06T23:59:59+00:00,2023-02-06T23:59:59+00:00
k8s:kep-2906,stable,k8s:v1.27,k8s:sig-cli,unresolved,2023-01-09T23:59:59+00:00,2023-01-09T23:59:59+00:00,2023-02-20T23:59:59+00:00,,2023-01-09T23:59:59+00:00,2023-01-09T23:59:59+00:00,
k8s:kep-2926,stable,k8s:v1.27,k8s:sig-scheduling,shipped,2023-01-23T23:59:59+00:00,,,2023-01-23T23:59:59+00:00,2023-01-23T23:59:59+00:00,,2023-01-23T23:59:59+00:00
k8s:kep-3000,stable,k8s:v1.27,k8s:sig-release,unresolved,2023-01-09T23:59:59+00:00,2023-01-09T23:59:59+00:00,2023-02-20T23:59:59+00:00,2023-01-09T23:59:59+00:00,,2023-02-06T23:59:59+00:00,
k8s:kep-3017,beta,k8s:v1.27,k8s:sig-apps,shipped,2023-01-09T23:59:59+00:00,,,2023-01-09T23:59:59+00:00,2023-01-09T23:59:59+00:00,,
k8s:kep-3063,alpha,k8s:v1.27,k8s:sig-node,unresolved,,,,2023-02-13T23:59:59+00:00,2023-02-13T23:59:59+00:00,2023-02-13T23:59:59+00:00,2023-02-13T23:59:59+00:00
k8s:kep-3085,beta,k8s:v1.27,k8s:sig-node,slipped,,,,2023-02-13T23:59:59+00:00,2023-02-13T23:59:59+00:00,2023-02-13T23:59:59+00:00,2023-02-13T23:59:59+00:00
k8s:kep-3104,beta,k8s:v1.27,k8s:sig-cli,slipped,2023-01-09T23:59:59+00:00,2023-01-16T23:59:59+00:00,2023-02-20T23:59:59+00:00,,,2023-01-09T23:59:59+00:00,
k8s:kep-3107,beta,k8s:v1.27,k8s:sig-storage,shipped,,,,,2023-02-13T23:59:59+00:00,2023-02-13T23:59:59+00:00,2023-02-13T23:59:59+00:00
k8s:kep-3140,stable,k8s:v1.27,k8s:sig-apps,shipped,2023-01-09T23:59:59+00:00,2023-01-09T23:59:59+00:00,,,,,
k8s:kep-3141,beta,k8s:v1.27,k8s:sig-storage,unresolved,2023-02-06T23:59:59+00:00,,,,2023-02-06T23:59:59+00:00,2023-02-06T23:59:59+00:00,2023-02-06T23:59:59+00:00
k8s:kep-3157,alpha,k8s:v1.27,k8s:sig-api-machinery,shipped,2023-02-06T23:59:59+00:00,,,2023-02-06T23:59:59+00:00,2023-02-06T23:59:59+00:00,2023-02-06T23:59:59+00:00,2023-02-06T23:59:59+00:00
k8s:kep-3178,beta,k8s:v1.27,k8s:sig-network,unresolved,2023-01-09T23:59:59+00:00,,,2023-01-09T23:59:59+00:00,,2023-01-16T23:59:59+00:00,
k8s:kep-3203,beta,k8s:v1.27,k8s:sig-security,unresolved,,,,2023-02-13T23:59:59+00:00,,,2023-02-13T23:59:59+00:00
k8s:kep-3243,beta,k8s:v1.27,k8s:sig-scheduling,shipped,2023-02-06T23:59:59+00:00,,,,2023-02-06T23:59:59+00:00,,2023-02-06T23:59:59+00:00
k8s:kep-3257,alpha,k8s:v1.27,k8s:sig-auth,slipped,,2023-02-06T23:59:59+00:00,,,2023-02-06T23:59:59+00:00,2023-02-06T23:59:59+00:00,2023-02-06T23:59:59+00:00
k8s:kep-3280,alpha,k8s:v1.27,k8s:sig-scheduling,unresolved,,,,2023-02-13T23:59:59+00:00,,,2023-02-13T23:59:59+00:00
k8s:kep-3288,stable,k8s:v1.27,k8s:sig-node,slipped,2023-01-09T23:59:59+00:00,2023-01-09T23:59:59+00:00,2023-02-20T23:59:59+00:00,2023-01-09T23:59:59+00:00,,2023-01-09T23:59:59+00:00,
k8s:kep-3294,beta,k8s:v1.27,k8s:sig-storage,unresolved,2023-01-09T23:59:59+00:00,2023-01-09T23:59:59+00:00,2023-02-20T23:59:59+00:00,2023-01-09T23:59:59+00:00,,2023-02-06T23:59:59+00:00,
k8s:kep-3299,beta,k8s:v1.27,k8s:sig-auth,unresolved,2023-01-09T23:59:59+00:00,2023-01-09T23:59:59+00:00,,,2023-01-09T23:59:59+00:00,2023-01-09T23:59:59+00:00,
k8s:kep-3325,beta,k8s:v1.27,k8s:sig-auth,shipped,2023-01-09T23:59:59+00:00,2023-01-09T23:59:59+00:00,,,2023-01-09T23:59:59+00:00,2023-01-09T23:59:59+00:00,
k8s:kep-3327,beta,k8s:v1.27,k8s:sig-node,unresolved,2023-01-09T23:59:59+00:00,2023-01-09T23:59:59+00:00,2023-02-20T23:59:59+00:00,,2023-01-09T23:59:59+00:00,2023-01-09T23:59:59+00:00,
k8s:kep-3335,beta,k8s:v1.27,k8s:sig-apps,shipped,2023-02-06T23:59:59+00:00,,,2023-02-06T23:59:59+00:00,,,2023-02-06T23:59:59+00:00
k8s:kep-3352,beta,k8s:v1.27,k8s:sig-api-machinery,unresolved,2023-01-23T23:59:59+00:00,,,2023-01-23T23:59:59+00:00,,2023-02-06T23:59:59+00:00,2023-01-23T23:59:59+00:00
k8s:kep-3386,beta,k8s:v1.27,k8s:sig-node,shipped,,,,,,2023-02-13T23:59:59+00:00,2023-02-13T23:59:59+00:00
k8s:kep-3453,beta,k8s:v1.27,k8s:sig-network,unresolved,2023-01-16T23:59:59+00:00,,,,,2023-01-16T23:59:59+00:00,
k8s:kep-3458,beta,k8s:v1.27,k8s:sig-network,unresolved,2023-02-06T23:59:59+00:00,,,,,2023-02-06T23:59:59+00:00,2023-02-06T23:59:59+00:00
k8s:kep-3466,beta,k8s:v1.27,k8s:sig-instrumentation,unresolved,2023-01-09T23:59:59+00:00,2023-01-09T23:59:59+00:00,,2023-01-09T23:59:59+00:00,,2023-01-09T23:59:59+00:00,
k8s:kep-3476,alpha,k8s:v1.27,k8s:sig-storage,unresolved,2023-02-13T23:59:59+00:00,,,,,2023-02-13T23:59:59+00:00,2023-02-13T23:59:59+00:00
k8s:kep-3498,beta,k8s:v1.27,k8s:sig-instrumentation,unresolved,2023-01-09T23:59:59+00:00,2023-01-09T23:59:59+00:00,,2023-01-09T23:59:59+00:00,,2023-01-09T23:59:59+00:00,
k8s:kep-3515,beta,k8s:v1.27,k8s:sig-cli,unresolved,,,,2023-02-13T23:59:59+00:00,2023-02-13T23:59:59+00:00,2023-02-13T23:59:59+00:00,2023-02-13T23:59:59+00:00
k8s:kep-3521,beta,k8s:v1.27,k8s:sig-scheduling,unresolved,2023-01-09T23:59:59+00:00,2023-01-09T23:59:59+00:00,,2023-01-09T23:59:59+00:00,,,
k8s:kep-3545,beta,k8s:v1.27,k8s:sig-node,slipped,2023-01-09T23:59:59+00:00,2023-01-09T23:59:59+00:00,2023-02-20T23:59:59+00:00,,,2023-01-09T23:59:59+00:00,
k8s:kep-3619,alpha,k8s:v1.27,k8s:sig-node,slipped,,,,,,2023-02-13T23:59:59+00:00,2023-02-13T23:59:59+00:00
k8s:kep-3633,alpha,k8s:v1.27,k8s:sig-scheduling,slipped,,,,,,,2023-02-06T23:59:59+00:00
k8s:kep-3638,alpha,k8s:v1.27,k8s:sig-cli,unresolved,2023-02-13T23:59:59+00:00,2023-02-13T23:59:59+00:00,,,,2023-02-13T23:59:59+00:00,2023-02-13T23:59:59+00:00
k8s:kep-3659,alpha,k8s:v1.27,k8s:sig-cli,unresolved,,,,,,2023-02-13T23:59:59+00:00,2023-02-13T23:59:59+00:00
k8s:kep-3668,alpha,k8s:v1.27,k8s:sig-network,unresolved,2023-01-23T23:59:59+00:00,,,,,2023-01-23T23:59:59+00:00,2023-01-23T23:59:59+00:00
k8s:kep-3673,alpha,k8s:v1.27,k8s:sig-node,unresolved,2023-02-06T23:59:59+00:00,,,,,2023-02-06T23:59:59+00:00,2023-02-06T23:59:59+00:00
k8s:kep-3695,alpha,k8s:v1.27,k8s:sig-node,shipped,,,,,,2023-02-13T23:59:59+00:00,2023-02-13T23:59:59+00:00
k8s:kep-3705,alpha,k8s:v1.27,k8s:sig-network,exception_granted,2023-01-30T23:59:59+00:00,,,2023-01-30T23:59:59+00:00,,2023-01-30T23:59:59+00:00,2023-01-30T23:59:59+00:00
k8s:kep-3715,beta,k8s:v1.27,k8s:sig-apps,unresolved,2023-02-06T23:59:59+00:00,,,,,,2023-02-06T23:59:59+00:00
k8s:kep-3716,alpha,k8s:v1.27,k8s:sig-api-machinery,exception_granted,,,,2023-02-13T23:59:59+00:00,,2023-02-13T23:59:59+00:00,2023-02-13T23:59:59+00:00
k8s:kep-3720,stable,k8s:v1.27,k8s:sig-release,shipped,2023-02-06T23:59:59+00:00,,,2023-02-06T23:59:59+00:00,,2023-02-06T23:59:59+00:00,2023-02-06T23:59:59+00:00
k8s:kep-3726,stable,k8s:v1.27,k8s:sig-network,shipped,2023-02-06T23:59:59+00:00,,2023-02-20T23:59:59+00:00,,,2023-02-06T23:59:59+00:00,2023-02-06T23:59:59+00:00
k8s:kep-3744,stable,k8s:v1.27,k8s:sig-release,unresolved,2023-02-06T23:59:59+00:00,,,2023-02-06T23:59:59+00:00,,2023-02-06T23:59:59+00:00,2023-02-06T23:59:59+00:00
k8s:kep-3756,beta,k8s:v1.27,k8s:sig-storage,shipped,,,,2023-02-13T23:59:59+00:00,,2023-02-13T23:59:59+00:00,2023-02-13T23:59:59+00:00
k8s:kep-3762,alpha,k8s:v1.27,k8s:sig-storage,slipped,,,,,,2023-02-13T23:59:59+00:00,2023-02-13T23:59:59+00:00
k8s:kep-3766,alpha,k8s:v1.27,k8s:sig-auth,unresolved,2023-01-30T23:59:59+00:00,,2023-02-20T23:59:59+00:00,2023-01-30T23:59:59+00:00,,2023-01-30T23:59:59+00:00,2023-01-30T23:59:59+00:00
k8s:kep-3805,alpha,k8s:v1.27,k8s:sig-cli,unresolved,,,,2023-02-13T23:59:59+00:00,,2023-02-13T23:59:59+00:00,2023-02-13T23:59:59+00:00
k8s:kep-3836,alpha,k8s:v1.27,k8s:sig-network,slipped,,,,,,2023-02-13T23:59:59+00:00,2023-02-13T23:59:59+00:00
k8s:kep-3838,beta,k8s:v1.27,k8s:sig-scheduling,unresolved,2023-02-13T23:59:59+00:00,,,,,,2023-02-13T23:59:59+00:00
k8s:kep-606,stable,k8s:v1.27,k8s:sig-node,slipped,,,,,2023-02-13T23:59:59+00:00,2023-02-13T23:59:59+00:00,2023-02-13T23:59:59+00:00
k8s:kep-647,beta,k8s:v1.27,k8s:sig-instrumentation,shipped,2023-01-23T23:59:59+00:00,,,2023-01-23T23:59:59+00:00,2023-01-23T23:59:59+00:00,2023-01-23T23:59:59+00:00,
k8s:kep-693,stable,k8s:v1.27,k8s:sig-node,shipped,,,,,,2023-02-13T23:59:59+00:00,2023-02-13T23:59:59+00:00
k8s:kep-753,alpha,k8s:v1.27,k8s:sig-node,slipped,2023-02-13T23:59:59+00:00,,,2023-02-13T23:59:59+00:00,,2023-02-13T23:59:59+00:00,2023-02-13T23:59:59+00:00
k8s:kep-1040,stable,k8s:v1.28,k8s:sig-api-machinery,slipped,2023-05-15T23:59:59+00:00,,,2023-05-15T23:59:59+00:00,2023-05-15T23:59:59+00:00,2023-06-12T23:59:59+00:00,
k8s:kep-1440,stable,k8s:v1.28,k8s:sig-cli,shipped,2023-06-05T23:59:59+00:00,,,,2023-06-05T23:59:59+00:00,2023-06-05T23:59:59+00:00,2023-06-05T23:59:59+00:00
k8s:kep-1669,stable,k8s:v1.28,k8s:sig-network,unresolved,2023-06-05T23:59:59+00:00,2023-07-03T23:59:59+00:00,,2023-06-05T23:59:59+00:00,2023-06-05T23:59:59+00:00,2023-06-05T23:59:59+00:00,2023-06-05T23:59:59+00:00
k8s:kep-1731,alpha,k8s:v1.28,k8s:sig-release,unresolved,2023-05-22T23:59:59+00:00,2023-07-10T23:59:59+00:00,,2023-05-22T23:59:59+00:00,2023-05-22T23:59:59+00:00,,
k8s:kep-1847,stable,k8s:v1.28,k8s:sig-apps,slipped,2023-05-15T23:59:59+00:00,2023-05-15T23:59:59+00:00,2023-06-26T23:59:59+00:00,2023-05-15T23:59:59+00:00,2023-05-15T23:59:59+00:00,,
k8s:kep-2008,stable,k8s:v1.28,k8s:sig-node,slipped,2023-05-15T23:59:59+00:00,2023-05-15T23:59:59+00:00,2023-06-26T23:59:59+00:00,,2023-05-15T23:59:59+00:00,2023-06-19T23:59:59+00:00,
k8s:kep-2238,stable,k8s:v1.28,k8s:sig-node,unresolved,2023-06-12T23:59:59+00:00,2023-07-03T23:59:59+00:00,,,2023-06-12T23:59:59+00:00,2023-06-19T23:59:59+00:00,2023-06-12T23:59:59+00:00
k8s:kep-2268,stable,k8s:v1.28,k8s:sig-storage,shipped,2023-06-19T23:59:59+00:00,,,2023-06-19T23:59:59+00:00,2023-06-19T23:59:59+00:00,2023-06-19T23:59:59+00:00,2023-06-19T23:59:59+00:00
k8s:kep-2305,beta,k8s:v1.28,k8s:sig-instrumentation,slipped,2023-06-19T23:59:59+00:00,,,,,2023-06-19T23:59:59+00:00,2023-06-19T23:59:59+00:00
k8s:kep-2340,alpha,k8s:v1.28,k8s:sig-api-machinery,unresolved,2023-06-19T23:59:59+00:00,,,2023-06-19T23:59:59+00:00,,2023-06-19T23:59:59+00:00,2023-06-19T23:59:59+00:00
k8s:kep-2371,beta,k8s:v1.28,k8s:sig-node,slipped,2023-06-19T23:59:59+00:00,2023-07-17T23:59:59+00:00,,,2023-06-19T23:59:59+00:00,2023-06-19T23:59:59+00:00,2023-06-19T23:59:59+00:00
k8s:kep-2400,beta,k8s:v1.28,k8s:sig-node,slipped,2023-05-15T23:59:59+00:00,2023-05-29T23:59:59+00:00,,,2023-05-15T23:59:59+00:00,2023-06-19T23:59:59+00:00,
k8s:kep-2570,beta,k8s:v1.28,k8s:sig-node,slipped,2023-06-19T23:59:59+00:00,,,,,2023-06-19T23:59:59+00:00,2023-06-19T23:59:59+00:00
k8s:kep-2595,stable,k8s:v1.28,k8s:sig-network,unresolved,2023-06-05T23:59:59+00:00,2023-06-26T23:59:59+00:00,,2023-06-05T23:59:59+00:00,,2023-06-05T23:59:59+00:00,2023-06-05T23:59:59+00:00
k8s:kep-2644,stable,k8s:v1.28,k8s:sig-storage,slipped,2023-05-15T23:59:59+00:00,2023-05-15T23:59:59+00:00,2023-06-26T23:59:59+00:00,,2023-05-15T23:59:59+00:00,2023-06-19T23:59:59+00:00,
k8s:kep-2681,alpha,k8s:v1.28,k8s:sig-network,shipped,2023-06-05T23:59:59+00:00,,,2023-06-05T23:59:59+00:00,2023-06-05T23:59:59+00:00,2023-06-05T23:59:59+00:00,2023-06-05T23:59:59+00:00
k8s:kep-2831,stable,k8s:v1.28,k8s:sig-instrumentation,slipped,2023-05-15T23:59:59+00:00,2023-05-15T23:59:59+00:00,2023-06-26T23:59:59+00:00,2023-05-15T23:59:59+00:00,2023-05-15T23:59:59+00:00,2023-06-05T23:59:59+00:00,
k8s:kep-3017,stable,k8s:v1.28,k8s:sig-apps,slipped,2023-05-15T23:59:59+00:00,2023-05-15T23:59:59+00:00,2023-06-26T23:59:59+00:00,2023-05-15T23:59:59+00:00,2023-05-15T23:59:59+00:00,,
k8s:kep-3077,beta,k8s:v1.28,k8s:sig-instrumentation,slipped,2023-05-15T23:59:59+00:00,2023-05-15T23:59:59+00:00,2023-06-26T23:59:59+00:00,2023-05-15T23:59:59+00:00,,2023-06-05T23:59:59+00:00,
k8s:kep-3085,alpha,k8s:v1.28,k8s:sig-node,shipped,2023-06-19T23:59:59+00:00,,,2023-06-19T23:59:59+00:00,2023-06-19T23:59:59+00:00,2023-06-19T23:59:59+00:00,2023-06-19T23:59:59+00:00
k8s:kep-3104,stable,k8s:v1.28,k8s:sig-cli,shipped,2023-05-15T23:59:59+00:00,2023-05-15T23:59:59+00:00,2023-06-26T23:59:59+00:00,,,2023-06-05T23:59:59+00:00,
k8s:kep-3107,stable,k8s:v1.28,k8s:sig-storage,slipped,2023-05-15T23:59:59+00:00,2023-05-15T23:59:59+00:00,2023-06-26T23:59:59+00:00,,2023-05-15T23:59:59+00:00,2023-06-19T23:59:59+00:00,
k8s:kep-3141,stable,k8s:v1.28,k8s:sig-storage,slipped,2023-05-15T23:59:59+00:00,2023-05-15T23:59:59+00:00,2023-06-26T23:59:59+00:00,,2023-05-15T23:59:59+00:00,2023-06-19T23:59:59+00:00,
k8s:kep-3178,stable,k8s:v1.28,k8s:sig-network,shipped,2023-05-15T23:59:59+00:00,2023-05-15T23:59:59+00:00,,2023-05-15T23:59:59+00:00,,2023-05-15T23:59:59+00:00,
k8s:kep-3221,alpha,k8s:v1.28,k8s:sig-auth,slipped,2023-06-19T23:59:59+00:00,,,,,2023-06-19T23:59:59+00:00,2023-06-19T23:59:59+00:00
k8s:kep-3325,stable,k8s:v1.28,k8s:sig-auth,shipped,2023-05-15T23:59:59+00:00,2023-06-26T23:59:59+00:00,,,2023-05-15T23:59:59+00:00,2023-06-19T23:59:59+00:00,
k8s:kep-3327,stable,k8s:v1.28,k8s:sig-node,unresolved,2023-05-15T23:59:59+00:00,2023-05-15T23:59:59+00:00,2023-06-26T23:59:59+00:00,,2023-05-15T23:59:59+00:00,2023-06-19T23:59:59+00:00,
k8s:kep-3331,alpha,k8s:v1.28,k8s:sig-auth,slipped,2023-06-19T23:59:59+00:00,2023-06-19T23:59:59+00:00,,,,2023-06-19T23:59:59+00:00,2023-06-19T23:59:59+00:00
k8s:kep-3333,stable,k8s:v1.28,k8s:sig-storage,unresolved,2023-05-15T23:59:59+00:00,2023-05-15T23:59:59+00:00,,,,2023-06-19T23:59:59+00:00,
k8s:kep-3453,stable,k8s:v1.28,k8s:sig-network,unresolved,2023-05-15T23:59:59+00:00,2023-07-03T23:59:59+00:00,,,,2023-05-15T23:59:59+00:00,
k8s:kep-3488,beta,k8s:v1.28,k8s:sig-api-machinery,exception_granted,2023-05-15T23:59:59+00:00,2023-05-15T23:59:59+00:00,,2023-05-15T23:59:59+00:00,,2023-06-12T23:59:59+00:00,
k8s:kep-3498,stable,k8s:v1.28,k8s:sig-instrumentation,shipped,2023-06-05T23:59:59+00:00,,,2023-06-05T23:59:59+00:00,2023-06-05T23:59:59+00:00,2023-06-05T23:59:59+00:00,2023-06-05T23:59:59+00:00
k8s:kep-3545,beta,k8s:v1.28,k8s:sig-node,shipped,2023-06-19T23:59:59+00:00,,,,2023-06-19T23:59:59+00:00,2023-06-19T23:59:59+00:00,2023-06-19T23:59:59+00:00
k8s:kep-3619,alpha,k8s:v1.28,k8s:sig-node,slipped,2023-06-19T23:59:59+00:00,,,,2023-06-19T23:59:59+00:00,2023-06-19T23:59:59+00:00,2023-06-19T23:59:59+00:00
k8s:kep-3633,alpha,k8s:v1.28,k8s:sig-scheduling,slipped,2023-06-12T23:59:59+00:00,,,,2023-06-12T23:59:59+00:00,,2023-06-12T23:59:59+00:00
k8s:kep-3638,beta,k8s:v1.28,k8s:sig-cli,slipped,2023-05-15T23:59:59+00:00,2023-05-15T23:59:59+00:00,2023-06-26T23:59:59+00:00,,,2023-06-05T23:59:59+00:00,
k8s:kep-3668,beta,k8s:v1.28,k8s:sig-network,shipped,2023-05-15T23:59:59+00:00,2023-07-03T23:59:59+00:00,,,,2023-05-15T23:59:59+00:00,
k8s:kep-3673,beta,k8s:v1.28,k8s:sig-node,slipped,2023-05-15T23:59:59+00:00,2023-05-15T23:59:59+00:00,,,,2023-06-19T23:59:59+00:00,
k8s:kep-3705,beta,k8s:v1.28,k8s:sig-network,slipped,2023-05-15T23:59:59+00:00,2023-07-03T23:59:59+00:00,,2023-05-15T23:59:59+00:00,,2023-05-15T23:59:59+00:00,
k8s:kep-3715,stable,k8s:v1.28,k8s:sig-apps,slipped,2023-05-15T23:59:59+00:00,2023-05-15T23:59:59+00:00,2023-06-26T23:59:59+00:00,,,,
k8s:kep-3716,beta,k8s:v1.28,k8s:sig-api-machinery,shipped,2023-06-12T23:59:59+00:00,,,2023-06-12T23:59:59+00:00,,2023-06-12T23:59:59+00:00,2023-06-12T23:59:59+00:00
k8s:kep-3751,alpha,k8s:v1.28,k8s:sig-storage,slipped,2023-06-19T23:59:59+00:00,,,,,2023-06-19T23:59:59+00:00,2023-06-19T23:59:59+00:00
k8s:kep-3762,alpha,k8s:v1.28,k8s:sig-storage,exception_granted,2023-05-15T23:59:59+00:00,2023-05-29T23:59:59+00:00,,,2023-05-15T23:59:59+00:00,2023-06-19T23:59:59+00:00,
k8s:kep-3836,alpha,k8s:v1.28,k8s:sig-network,shipped,2023-06-19T23:59:59+00:00,,,,2023-06-19T23:59:59+00:00,2023-06-19T23:59:59+00:00,2023-06-19T23:59:59+00:00
k8s:kep-3838,stable,k8s:v1.28,k8s:sig-scheduling,slipped,2023-05-15T23:59:59+00:00,2023-05-15T23:59:59+00:00,2023-06-26T23:59:59+00:00,,,,
k8s:kep-3850,alpha,k8s:v1.28,k8s:sig-apps,shipped,2023-06-12T23:59:59+00:00,,,,,,2023-06-12T23:59:59+00:00
k8s:kep-3895,alpha,k8s:v1.28,k8s:sig-cli,shipped,2023-06-19T23:59:59+00:00,,,,,2023-06-19T23:59:59+00:00,2023-06-19T23:59:59+00:00
k8s:kep-3902,beta,k8s:v1.28,k8s:sig-scheduling,slipped,2023-06-12T23:59:59+00:00,,,2023-06-12T23:59:59+00:00,,,2023-06-12T23:59:59+00:00
k8s:kep-3935,stable,k8s:v1.28,k8s:sig-architecture,shipped,2023-05-15T23:59:59+00:00,2023-07-03T23:59:59+00:00,,2023-05-15T23:59:59+00:00,,,
k8s:kep-3939,alpha,k8s:v1.28,k8s:sig-apps,exception_granted,2023-06-19T23:59:59+00:00,,,,,,2023-06-19T23:59:59+00:00
k8s:kep-3960,alpha,k8s:v1.28,k8s:sig-node,slipped,2023-06-19T23:59:59+00:00,,,,,2023-06-19T23:59:59+00:00,2023-06-19T23:59:59+00:00
k8s:kep-3983,alpha,k8s:v1.28,k8s:sig-node,unresolved,2023-06-19T23:59:59+00:00,,,,,2023-06-19T23:59:59+00:00,2023-06-19T23:59:59+00:00
k8s:kep-4006,alpha,k8s:v1.28,k8s:sig-api-machinery,slipped,2023-06-12T23:59:59+00:00,,,2023-06-12T23:59:59+00:00,,2023-06-12T23:59:59+00:00,2023-06-12T23:59:59+00:00
k8s:kep-4008,alpha,k8s:v1.28,k8s:sig-api-machinery,unresolved,2023-06-19T23:59:59+00:00,,,,,2023-06-19T23:59:59+00:00,2023-06-19T23:59:59+00:00
k8s:kep-4009,alpha,k8s:v1.28,k8s:sig-node,exception_granted,2023-06-19T23:59:59+00:00,,,,,2023-06-19T23:59:59+00:00,2023-06-19T23:59:59+00:00
k8s:kep-4017,beta,k8s:v1.28,k8s:sig-apps,shipped,2023-06-19T23:59:59+00:00,,,,,,2023-06-19T23:59:59+00:00
k8s:kep-4020,alpha,k8s:v1.28,k8s:sig-api-machinery,shipped,2023-06-12T23:59:59+00:00,,,,,2023-06-12T23:59:59+00:00,2023-06-12T23:59:59+00:00
k8s:kep-4026,beta,k8s:v1.28,k8s:sig-apps,shipped,2023-06-19T23:59:59+00:00,,,,,,2023-06-19T23:59:59+00:00
k8s:kep-4033,alpha,k8s:v1.28,k8s:sig-node,shipped,2023-06-19T23:59:59+00:00,,,,,2023-06-19T23:59:59+00:00,2023-06-19T23:59:59+00:00
k8s:kep-606,stable,k8s:v1.28,k8s:sig-node,shipped,2023-05-29T23:59:59+00:00,,,,2023-05-29T23:59:59+00:00,2023-06-19T23:59:59+00:00,
k8s:kep-753,alpha,k8s:v1.28,k8s:sig-node,shipped,2023-06-12T23:59:59+00:00,,,2023-06-12T23:59:59+00:00,2023-06-12T23:59:59+00:00,2023-06-19T23:59:59+00:00,2023-06-12T23:59:59+00:00
k8s:kep-1029,beta,k8s:v1.29,k8s:sig-node,slipped,2023-10-09T23:59:59+00:00,,,,2023-10-09T23:59:59+00:00,2023-10-09T23:59:59+00:00,2023-10-09T23:59:59+00:00
k8s:kep-1040,stable,k8s:v1.29,k8s:sig-api-machinery,shipped,2023-09-18T23:59:59+00:00,,,2023-09-18T23:59:59+00:00,2023-09-18T23:59:59+00:00,2023-09-18T23:59:59+00:00,
k8s:kep-1610,stable,k8s:v1.29,k8s:sig-autoscaling,slipped,2023-09-04T23:59:59+00:00,2023-09-04T23:59:59+00:00,2023-10-09T23:59:59+00:00,,,,
k8s:kep-1710,stable,k8s:v1.29,k8s:sig-storage,slipped,2023-09-04T23:59:59+00:00,2023-09-04T23:59:59+00:00,2023-10-09T23:59:59+00:00,2023-09-04T23:59:59+00:00,2023-09-04T23:59:59+00:00,2023-10-09T23:59:59+00:00,
k8s:kep-1860,alpha,k8s:v1.29,k8s:sig-network,unresolved,2023-09-04T23:59:59+00:00,2023-10-02T23:59:59+00:00,,2023-09-04T23:59:59+00:00,2023-09-04T23:59:59+00:00,2023-09-04T23:59:59+00:00,
k8s:kep-2305,beta,k8s:v1.29,k8s:sig-instrumentation,shipped,2023-10-09T23:59:59+00:00,,,,2023-10-09T23:59:59+00:00,,2023-10-09T23:59:59+00:00
k8s:kep-2371,alpha,k8s:v1.29,k8s:sig-node,unresolved,2023-10-09T23:59:59+00:00,,,,2023-10-09T23:59:59+00:00,2023-10-09T23:59:59+00:00,2023-10-09T23:59:59+00:00
k8s:kep-2395,beta,k8s:v1.29,k8s:sig-cloud-provider,shipped,2023-10-09T23:59:59+00:00,,,2023-10-09T23:59:59+00:00,,,2023-10-09T23:59:59+00:00
k8s:kep-2400,beta,k8s:v1.29,k8s:sig-node,slipped,2023-10-09T23:59:59+00:00,,,,2023-10-09T23:59:59+00:00,2023-10-09T23:59:59+00:00,2023-10-09T23:59:59+00:00
k8s:kep-2433,stable,k8s:v1.29,k8s:sig-network,slipped,2023-09-04T23:59:59+00:00,2023-09-04T23:59:59+00:00,,,2023-09-04T23:59:59+00:00,2023-09-04T23:59:59+00:00,
k8s:kep-2485,stable,k8s:v1.29,k8s:sig-storage,shipped,2023-10-09T23:59:59+00:00,,,2023-10-09T23:59:59+00:00,,2023-10-09T23:59:59+00:00,2023-10-09T23:59:59+00:00
k8s:kep-2535,alpha,k8s:v1.29,k8s:sig-node,slipped,2023-10-09T23:59:59+00:00,,,,2023-10-09T23:59:59+00:00,2023-10-09T23:59:59+00:00,2023-10-09T23:59:59+00:00
k8s:kep-2681,beta,k8s:v1.29,k8s:sig-network,unresolved,2023-09-04T23:59:59+00:00,2023-09-04T23:59:59+00:00,,2023-09-04T23:59:59+00:00,2023-09-04T23:59:59+00:00,2023-09-04T23:59:59+00:00,
k8s:kep-2876,stable,k8s:v1.29,k8s:sig-api-machinery,shipped,2023-10-02T23:59:59+00:00,,,,,2023-10-02T23:59:59+00:00,2023-10-02T23:59:59+00:00
k8s:kep-2879,stable,k8s:v1.29,k8s:sig-apps,shipped,2023-10-09T23:59:59+00:00,,,,2023-10-09T23:59:59+00:00,,2023-10-09T23:59:59+00:00
k8s:kep-3063,beta,k8s:v1.29,k8s:sig-node,dropped,2023-09-04T23:59:59+00:00,,2023-10-09T23:59:59+00:00,2023-09-04T23:59:59+00:00,2023-09-04T23:59:59+00:00,2023-10-09T23:59:59+00:00,
k8s:kep-3085,beta,k8s:v1.29,k8s:sig-node,unresolved,2023-10-09T23:59:59+00:00,,,2023-10-09T23:59:59+00:00,2023-10-09T23:59:59+00:00,2023-10-09T23:59:59+00:00,2023-10-09T23:59:59+00:00
k8s:kep-3107,stable,k8s:v1.29,k8s:sig-storage,shipped,2023-10-09T23:59:59+00:00,,,,2023-10-09T23:59:59+00:00,2023-10-09T23:59:59+00:00,2023-10-09T23:59:59+00:00
k8s:kep-3157,beta,k8s:v1.29,k8s:sig-api-machinery,slipped,2023-10-09T23:59:59+00:00,,,2023-10-09T23:59:59+00:00,,2023-10-09T23:59:59+00:00,2023-10-09T23:59:59+00:00
k8s:kep-3221,alpha,k8s:v1.29,k8s:sig-auth,unresolved,2023-09-04T23:59:59+00:00,,,,2023-09-04T23:59:59+00:00,2023-09-04T23:59:59+00:00,
k8s:kep-3243,stable,k8s:v1.29,k8s:sig-scheduling,slipped,2023-09-04T23:59:59+00:00,2023-09-04T23:59:59+00:00,2023-10-09T23:59:59+00:00,,2023-09-04T23:59:59+00:00,,
k8s:kep-3257,alpha,k8s:v1.29,k8s:sig-auth,exception_granted,2023-09-25T23:59:59+00:00,,,,2023-09-25T23:59:59+00:00,2023-09-25T23:59:59+00:00,2023-09-25T23:59:59+00:00
k8s:kep-3294,stable,k8s:v1.29,k8s:sig-storage,unresolved,2023-09-04T23:59:59+00:00,2023-09-04T23:59:59+00:00,2023-10-09T23:59:59+00:00,2023-09-04T23:59:59+00:00,,2023-10-09T23:59:59+00:00,
k8s:kep-3299,stable,k8s:v1.29,k8s:sig-auth,shipped,2023-09-04T23:59:59+00:00,2023-09-04T23:59:59+00:00,,,2023-09-04T23:59:59+00:00,2023-09-04T23:59:59+00:00,
k8s:kep-3329,stable,k8s:v1.29,k8s:sig-apps,slipped,2023-09-04T23:59:59+00:00,2023-09-04T23:59:59+00:00,2023-10-09T23:59:59+00:00,2023-09-04T23:59:59+00:00,2023-09-04T23:59:59+00:00,,
k8s:kep-3331,alpha,k8s:v1.29,k8s:sig-auth,unresolved,2023-09-04T23:59:59+00:00,,,,2023-09-04T23:59:59+00:00,2023-09-04T23:59:59+00:00,
k8s:kep-3458,stable,k8s:v1.29,k8s:sig-network,slipped,2023-09-04T23:59:59+00:00,2023-09-04T23:59:59+00:00,,,,2023-09-04T23:59:59+00:00,
k8s:kep-3466,stable,k8s:v1.29,k8s:sig-instrumentation,shipped,2023-09-04T23:59:59+00:00,2023-09-04T23:59:59+00:00,,2023-09-04T23:59:59+00:00,,,
k8s:kep-3476,beta,k8s:v1.29,k8s:sig-storage,slipped,2023-09-04T23:59:59+00:00,2023-09-04T23:59:59+00:00,2023-10-09T23:59:59+00:00,,,2023-10-09T23:59:59+00:00,
k8s:kep-3515,stable,k8s:v1.29,k8s:sig-cli,unresolved,2023-09-04T23:59:59+00:00,2023-09-04T23:59:59+00:00,2023-10-09T23:59:59+00:00,2023-09-04T23:59:59+00:00,,,
k8s:kep-3521,stable,k8s:v1.29,k8s:sig-scheduling,slipped,2023-09-04T23:59:59+00:00,2023-09-04T23:59:59+00:00,2023-10-09T23:59:59+00:00,2023-09-04T23:59:59+00:00,,,
k8s:kep-3633,alpha,k8s:v1.29,k8s:sig-scheduling,shipped,2023-09-25T23:59:59+00:00,,,,2023-09-25T23:59:59+00:00,,2023-09-25T23:59:59+00:00
k8s:kep-3638,beta,k8s:v1.29,k8s:sig-cli,unresolved,2023-10-09T23:59:59+00:00,,,,2023-10-09T23:59:59+00:00,,2023-10-09T23:59:59+00:00
k8s:kep-365,stable,k8s:v1.29,k8s:sig-api-machinery,shipped,2023-09-04T23:59:59+00:00,2023-09-18T23:59:59+00:00,,2023-09-04T23:59:59+00:00,,2023-09-18T23:59:59+00:00,
k8s:kep-3668,stable,k8s:v1.29,k8s:sig-network,shipped,2023-09-04T23:59:59+00:00,,,,2023-09-04T23:59:59+00:00,2023-09-04T23:59:59+00:00,
k8s:kep-3673,beta,k8s:v1.29,k8s:sig-node,slipped,2023-10-09T23:59:59+00:00,,,,2023-10-09T23:59:59+00:00,2023-10-09T23:59:59+00:00,2023-10-09T23:59:59+00:00
k8s:kep-3705,beta,k8s:v1.29,k8s:sig-network,unresolved,2023-09-04T23:59:59+00:00,2023-10-30T23:59:59+00:00,,2023-09-04T23:59:59+00:00,2023-09-04T23:59:59+00:00,2023-09-04T23:59:59+00:00,
k8s:kep-3751,alpha,k8s:v1.29,k8s:sig-storage,shipped,2023-09-25T23:59:59+00:00,,,,2023-09-25T23:59:59+00:00,2023-10-09T23:59:59+00:00,2023-09-25T23:59:59+00:00
k8s:kep-3756,stable,k8s:v1.29,k8s:sig-storage,slipped,2023-09-04T23:59:59+00:00,2023-09-11T23:59:59+00:00,2023-10-09T23:59:59+00:00,2023-09-04T23:59:59+00:00,,2023-10-09T23:59:59+00:00,
k8s:kep-3762,beta,k8s:v1.29,k8s:sig-storage,unresolved,2023-09-04T23:59:59+00:00,2023-09-04T23:59:59+00:00,,,2023-09-04T23:59:59+00:00,2023-10-09T23:59:59+00:00,
k8s:kep-3836,beta,k8s:v1.29,k8s:sig-network,slipped,2023-09-04T23:59:59+00:00,2023-09-04T23:59:59+00:00,,,2023-09-04T23:59:59+00:00,2023-09-04T23:59:59+00:00,
k8s:kep-3850,beta,k8s:v1.29,k8s:sig-apps,shipped,2023-09-04T23:59:59+00:00,2023-09-18T23:59:59+00:00,,,,,
k8s:kep-3866,alpha,k8s:v1.29,k8s:sig-network,unresolved,2023-10-09T23:59:59+00:00,,,,,2023-10-09T23:59:59+00:00,2023-10-09T23:59:59+00:00
k8s:kep-3895,beta,k8s:v1.29,k8s:sig-cli,unresolved,2023-10-09T23:59:59+00:00,,,,,,2023-10-09T23:59:59+00:00
k8s:kep-3902,beta,k8s:v1.29,k8s:sig-scheduling,shipped,2023-09-11T23:59:59+00:00,,,2023-09-11T23:59:59+00:00,2023-09-11T23:59:59+00:00,,
k8s:kep-3926,alpha,k8s:v1.29,k8s:sig-auth,slipped,2023-10-09T23:59:59+00:00,,,2023-10-09T23:59:59+00:00,,2023-10-09T23:59:59+00:00,2023-10-09T23:59:59+00:00
k8s:kep-3939,beta,k8s:v1.29,k8s:sig-apps,shipped,2023-10-09T23:59:59+00:00,,,,,,2023-10-09T23:59:59+00:00
k8s:kep-3960,alpha,k8s:v1.29,k8s:sig-node,shipped,2023-10-09T23:59:59+00:00,,,,2023-10-09T23:59:59+00:00,2023-10-09T23:59:59+00:00,2023-10-09T23:59:59+00:00
k8s:kep-3983,beta,k8s:v1.29,k8s:sig-node,slipped,2023-09-04T23:59:59+00:00,2023-09-04T23:59:59+00:00,,,,2023-10-09T23:59:59+00:00,
k8s:kep-4004,alpha,k8s:v1.29,k8s:sig-network,unresolved,2023-09-11T23:59:59+00:00,,,2023-09-11T23:59:59+00:00,,2023-09-11T23:59:59+00:00,
k8s:kep-4006,alpha,k8s:v1.29,k8s:sig-api-machinery,shipped,2023-10-09T23:59:59+00:00,,,2023-10-09T23:59:59+00:00,2023-10-09T23:59:59+00:00,2023-10-09T23:59:59+00:00,2023-10-09T23:59:59+00:00
k8s:kep-4008,beta,k8s:v1.29,k8s:sig-api-machinery,slipped,2023-10-09T23:59:59+00:00,,,,,2023-10-09T23:59:59+00:00,2023-10-09T23:59:59+00:00
k8s:kep-4009,beta,k8s:v1.29,k8s:sig-node,unresolved,2023-09-04T23:59:59+00:00,2023-09-04T23:59:59+00:00,,,,2023-10-09T23:59:59+00:00,
k8s:kep-4020,beta,k8s:v1.29,k8s:sig-api-machinery,slipped,2023-09-04T23:59:59+00:00,2023-09-04T23:59:59+00:00,2023-10-09T23:59:59+00:00,,,2023-09-18T23:59:59+00:00,
k8s:kep-4153,alpha,k8s:v1.29,k8s:sig-api-machinery,unresolved,2023-10-09T23:59:59+00:00,,,,,2023-10-09T23:59:59+00:00,2023-10-09T23:59:59+00:00
k8s:kep-4188,alpha,k8s:v1.29,k8s:sig-node,slipped,2023-10-09T23:59:59+00:00,,,,,2023-10-09T23:59:59+00:00,2023-10-09T23:59:59+00:00
k8s:kep-4191,alpha,k8s:v1.29,k8s:sig-node,exception_granted,2023-10-09T23:59:59+00:00,,,2023-10-09T23:59:59+00:00,,2023-10-09T23:59:59+00:00,2023-10-09T23:59:59+00:00
k8s:kep-4192,alpha,k8s:v1.29,k8s:sig-api-machinery,slipped,2023-10-09T23:59:59+00:00,,,,,2023-10-09T23:59:59+00:00,2023-10-09T23:59:59+00:00
k8s:kep-4193,alpha,k8s:v1.29,k8s:sig-auth,shipped,2023-10-09T23:59:59+00:00,,,,,2023-10-09T23:59:59+00:00,2023-10-09T23:59:59+00:00
k8s:kep-4205,alpha,k8s:v1.29,k8s:sig-node,slipped,2023-10-09T23:59:59+00:00,,,,,2023-10-09T23:59:59+00:00,2023-10-09T23:59:59+00:00
k8s:kep-4210,alpha,k8s:v1.29,k8s:sig-node,unresolved,2023-10-09T23:59:59+00:00,,,,,2023-10-09T23:59:59+00:00,2023-10-09T23:59:59+00:00
k8s:kep-4216,alpha,k8s:v1.29,k8s:sig-node,shipped,2023-10-09T23:59:59+00:00,,,2023-10-09T23:59:59+00:00,,2023-10-09T23:59:59+00:00,2023-10-09T23:59:59+00:00
k8s:kep-4222,alpha,k8s:v1.29,k8s:sig-api-machinery,slipped,2023-10-09T23:59:59+00:00,,,2023-10-09T23:59:59+00:00,,2023-10-09T23:59:59+00:00,2023-10-09T23:59:59+00:00
k8s:kep-727,stable,k8s:v1.29,k8s:sig-node,shipped,2023-10-09T23:59:59+00:00,,,2023-10-09T23:59:59+00:00,,2023-10-09T23:59:59+00:00,2023-10-09T23:59:59+00:00
k8s:kep-753,beta,k8s:v1.29,k8s:sig-node,unresolved,2023-09-04T23:59:59+00:00,2023-09-04T23:59:59+00:00,,2023-09-04T23:59:59+00:00,2023-09-04T23:59:59+00:00,2023-10-09T23:59:59+00:00,
k8s:kep-127,beta,k8s:v1.30,k8s:sig-node,slipped,2024-02-12T23:59:59+00:00,,,,,2024-02-12T23:59:59+00:00,2024-02-12T23:59:59+00:00
k8s:kep-1441,stable,k8s:v1.30,k8s:sig-cli,shipped,2024-02-12T23:59:59+00:00,,,2024-02-12T23:59:59+00:00,2024-02-12T23:59:59+00:00,2024-02-12T23:59:59+00:00,2024-02-12T23:59:59+00:00
k8s:kep-1610,stable,k8s:v1.30,k8s:sig-autoscaling,exception_granted,2024-02-12T23:59:59+00:00,,,,2024-02-12T23:59:59+00:00,,2024-02-12T23:59:59+00:00
k8s:kep-1860,beta,k8s:v1.30,k8s:sig-network,exception_granted,2024-01-08T23:59:59+00:00,2024-01-08T23:59:59+00:00,2024-02-12T23:59:59+00:00,2024-01-08T23:59:59+00:00,2024-01-08T23:59:59+00:00,2024-01-29T23:59:59+00:00,
k8s:kep-1880,beta,k8s:v1.30,k8s:sig-network,slipped,2024-01-08T23:59:59+00:00,2024-01-08T23:59:59+00:00,2024-02-12T23:59:59+00:00,2024-01-08T23:59:59+00:00,2024-01-08T23:59:59+00:00,2024-01-29T23:59:59+00:00,
k8s:kep-2008,beta,k8s:v1.30,k8s:sig-node,shipped,2024-02-12T23:59:59+00:00,,,,2024-02-12T23:59:59+00:00,2024-02-12T23:59:59+00:00,2024-02-12T23:59:59+00:00
k8s:kep-2258,beta,k8s:v1.30,k8s:sig-windows,shipped,2024-02-12T23:59:59+00:00,,,2024-02-12T23:59:59+00:00,2024-02-12T23:59:59+00:00,,2024-02-12T23:59:59+00:00
k8s:kep-2305,stable,k8s:v1.30,k8s:sig-instrumentation,unresolved,2024-02-12T23:59:59+00:00,,,,,2024-02-12T23:59:59+00:00,2024-02-12T23:59:59+00:00
k8s:kep-2339,beta,k8s:v1.30,k8s:sig-api-machinery,unresolved,2024-02-05T23:59:59+00:00,,,,2024-02-05T23:59:59+00:00,2024-02-05T23:59:59+00:00,2024-02-05T23:59:59+00:00
k8s:kep-2340,beta,k8s:v1.30,k8s:sig-api-machinery,slipped,2024-02-12T23:59:59+00:00,,,2024-02-12T23:59:59+00:00,,2024-02-12T23:59:59+00:00,2024-02-12T23:59:59+00:00
k8s:kep-24,stable,k8s:v1.30,k8s:sig-node,slipped,2024-02-12T23:59:59+00:00,,,2024-02-12T23:59:59+00:00,,2024-02-12T23:59:59+00:00,2024-02-12T23:59:59+00:00
k8s:kep-2400,beta,k8s:v1.30,k8s:sig-node,shipped,2024-02-12T23:59:59+00:00,,,,2024-02-12T23:59:59+00:00,2024-02-12T23:59:59+00:00,2024-02-12T23:59:59+00:00
k8s:kep-2433,stable,k8s:v1.30,k8s:sig-network,slipped,2024-01-08T23:59:59+00:00,2024-01-08T23:59:59+00:00,2024-02-12T23:59:59+00:00,,2024-01-08T23:59:59+00:00,2024-01-29T23:59:59+00:00,
k8s:kep-2535,alpha,k8s:v1.30,k8s:sig-node,slipped,2024-02-05T23:59:59+00:00,,,,2024-02-05T23:59:59+00:00,2024-02-05T23:59:59+00:00,2024-02-05T23:59:59+00:00
k8s:kep-2681,stable,k8s:v1.30,k8s:sig-network,unresolved,2024-02-05T23:59:59+00:00,,,2024-02-05T23:59:59+00:00,2024-02-05T23:59:59+00:00,2024-02-05T23:59:59+00:00,2024-02-05T23:59:59+00:00
k8s:kep-2799,stable,k8s:v1.30,k8s:sig-auth,shipped,2024-02-05T23:59:59+00:00,,,,2024-02-05T23:59:59+00:00,2024-02-05T23:59:59+00:00,2024-02-05T23:59:59+00:00
k8s:kep-3017,stable,k8s:v1.30,k8s:sig-apps,slipped,2024-02-05T23:59:59+00:00,,,2024-02-05T23:59:59+00:00,2024-02-05T23:59:59+00:00,,2024-02-05T23:59:59+00:00
k8s:kep-3022,stable,k8s:v1.30,k8s:sig-scheduling,shipped,2024-02-12T23:59:59+00:00,,,2024-02-12T23:59:59+00:00,2024-02-12T23:59:59+00:00,,2024-02-12T23:59:59+00:00
k8s:kep-3077,beta,k8s:v1.30,k8s:sig-instrumentation,exception_granted,2024-02-12T23:59:59+00:00,,,2024-02-12T23:59:59+00:00,2024-02-12T23:59:59+00:00,2024-02-12T23:59:59+00:00,2024-02-12T23:59:59+00:00
k8s:kep-3141,stable,k8s:v1.30,k8s:sig-storage,unresolved,2024-02-05T23:59:59+00:00,,,,2024-02-05T23:59:59+00:00,,2024-02-05T23:59:59+00:00
k8s:kep-3157,beta,k8s:v1.30,k8s:sig-api-machinery,slipped,2024-01-08T23:59:59+00:00,,,2024-01-08T23:59:59+00:00,2024-01-08T23:59:59+00:00,2024-01-22T23:59:59+00:00,
k8s:kep-3221,beta,k8s:v1.30,k8s:sig-auth,shipped,2024-02-12T23:59:59+00:00,,,,,2024-02-12T23:59:59+00:00,2024-02-12T23:59:59+00:00
k8s:kep-3257,beta,k8s:v1.30,k8s:sig-auth,slipped,2024-02-12T23:59:59+00:00,,,,,2024-02-12T23:59:59+00:00,2024-02-12T23:59:59+00:00
k8s:kep-3329,stable,k8s:v1.30,k8s:sig-apps,slipped,2024-01-08T23:59:59+00:00,2024-01-08T23:59:59+00:00,2024-02-12T23:59:59+00:00,2024-01-08T23:59:59+00:00,2024-01-08T23:59:59+00:00,,
k8s:kep-3331,beta,k8s:v1.30,k8s:sig-auth,exception_granted,2024-01-08T23:59:59+00:00,2024-01-22T23:59:59+00:00,,,2024-01-08T23:59:59+00:00,2024-02-05T23:59:59+00:00,
k8s:kep-3352,stable,k8s:v1.30,k8s:sig-api-machinery,unresolved,2024-02-12T23:59:59+00:00,,,2024-02-12T23:59:59+00:00,,2024-02-12T23:59:59+00:00,2024-02-12T23:59:59+00:00
k8s:kep-3458,stable,k8s:v1.30,k8s:sig-network,unresolved,2024-01-29T23:59:59+00:00,,,,2024-01-29T23:59:59+00:00,2024-01-29T23:59:59+00:00,2024-01-29T23:59:59+00:00
k8s:kep-3488,stable,k8s:v1.30,k8s:sig-api-machinery,unresolved,2024-02-05T23:59:59+00:00,,,2024-02-05T23:59:59+00:00,,2024-02-05T23:59:59+00:00,2024-02-05T23:59:59+00:00
k8s:kep-3521,stable,k8s:v1.30,k8s:sig-scheduling,shipped,2024-02-05T23:59:59+00:00,,,2024-02-05T23:59:59+00:00,2024-02-05T23:59:59+00:00,,2024-02-05T23:59:59+00:00
k8s:kep-3545,stable,k8s:v1.30,k8s:sig-node,slipped,2024-01-08T23:59:59+00:00,2024-01-08T23:59:59+00:00,2024-02-12T23:59:59+00:00,,2024-01-08T23:59:59+00:00,2024-02-05T23:59:59+00:00,
k8s:kep-3633,beta,k8s:v1.30,k8s:sig-scheduling,slipped,2024-01-08T23:59:59+00:00,2024-01-08T23:59:59+00:00,,,2024-01-08T23:59:59+00:00,,
k8s:kep-3638,stable,k8s:v1.30,k8s:sig-cli,unresolved,2024-01-08T23:59:59+00:00,2024-01-08T23:59:59+00:00,2024-02-12T23:59:59+00:00,,2024-01-08T23:59:59+00:00,2024-02-12T23:59:59+00:00,
k8s:kep-3673,beta,k8s:v1.30,k8s:sig-node,slipped,2024-02-05T23:59:59+00:00,,,,2024-02-05T23:59:59+00:00,2024-02-05T23:59:59+00:00,2024-02-05T23:59:59+00:00
k8s:kep-3695,beta,k8s:v1.30,k8s:sig-node,slipped,2024-01-08T23:59:59+00:00,2024-01-08T23:59:59+00:00,2024-02-12T23:59:59+00:00,,,2024-02-05T23:59:59+00:00,
k8s:kep-3705,stable,k8s:v1.30,k8s:sig-network,unresolved,2024-01-08T23:59:59+00:00,2024-01-08T23:59:59+00:00,,2024-01-08T23:59:59+00:00,2024-01-08T23:59:59+00:00,2024-01-29T23:59:59+00:00,
k8s:kep-3716,stable,k8s:v1.30,k8s:sig-api-machinery,exception_granted,2024-02-05T23:59:59+00:00,,,2024-02-05T23:59:59+00:00,,2024-02-05T23:59:59+00:00,2024-02-05T23:59:59+00:00
k8s:kep-3756,stable,k8s:v1.30,k8s:sig-storage,shipped,2024-02-12T23:59:59+00:00,,,2024-02-12T23:59:59+00:00,2024-02-12T23:59:59+00:00,,2024-02-12T23:59:59+00:00
k8s:kep-3805,beta,k8s:v1.30,k8s:sig-cli,unresolved,2024-01-08T23:59:59+00:00,2024-01-08T23:59:59+00:00,2024-02-12T23:59:59+00:00,2024-01-08T23:59:59+00:00,,2024-02-12T23:59:59+00:00,
k8s:kep-3836,beta,k8s:v1.30,k8s:sig-network,shipped,2024-01-29T23:59:59+00:00,,,,2024-01-29T23:59:59+00:00,2024-01-29T23:59:59+00:00,2024-01-29T23:59:59+00:00
k8s:kep-3838,stable,k8s:v1.30,k8s:sig-scheduling,shipped,2024-02-05T23:59:59+00:00,,,,2024-02-05T23:59:59+00:00,,2024-02-05T23:59:59+00:00
k8s:kep-3857,alpha,k8s:v1.30,k8s:sig-node,exception_granted,2024-02-12T23:59:59+00:00,,,,,2024-02-12T23:59:59+00:00,2024-02-12T23:59:59+00:00
k8s:kep-3895,stable,k8s:v1.30,k8s:sig-cli,shipped,2024-02-12T23:59:59+00:00,,,,,2024-02-12T23:59:59+00:00,2024-02-12T23:59:59+00:00
k8s:kep-3926,beta,k8s:v1.30,k8s:sig-auth,slipped,2024-01-08T23:59:59+00:00,2024-01-08T23:59:59+00:00,2024-02-12T23:59:59+00:00,2024-01-08T23:59:59+00:00,,2024-02-05T23:59:59+00:00,
k8s:kep-3960,beta,k8s:v1.30,k8s:sig-node,unresolved,2024-01-08T23:59:59+00:00,2024-01-08T23:59:59+00:00,,,2024-01-08T23:59:59+00:00,2024-02-05T23:59:59+00:00,
k8s:kep-3962,alpha,k8s:v1.30,k8s:sig-api-machinery,slipped,2024-02-12T23:59:59+00:00,,,2024-02-12T23:59:59+00:00,,2024-02-12T23:59:59+00:00,2024-02-12T23:59:59+00:00
k8s:kep-3973,alpha,k8s:v1.30,k8s:sig-apps,slipped,2024-02-12T23:59:59+00:00,,,,,,2024-02-12T23:59:59+00:00
k8s:kep-3983,beta,k8s:v1.30,k8s:sig-node,slipped,2024-02-05T23:59:59+00:00,,,,2024-02-05T23:59:59+00:00,2024-02-05T23:59:59+00:00,2024-02-05T23:59:59+00:00
k8s:kep-3998,alpha,k8s:v1.30,k8s:sig-apps,exception_granted,2024-02-12T23:59:59+00:00,,,,,,2024-02-12T23:59:59+00:00
k8s:kep-4006,beta,k8s:v1.30,k8s:sig-api-machinery,slipped,2024-01-08T23:59:59+00:00,2024-01-08T23:59:59+00:00,,2024-01-08T23:59:59+00:00,2024-01-08T23:59:59+00:00,2024-01-22T23:59:59+00:00,
k8s:kep-4008,beta,k8s:v1.30,k8s:sig-api-machinery,unresolved,2024-02-12T23:59:59+00:00,,,,2024-02-12T23:59:59+00:00,2024-02-12T23:59:59+00:00,2024-02-12T23:59:59+00:00
k8s:kep-4009,stable,k8s:v1.30,k8s:sig-node,slipped,2024-01-08T23:59:59+00:00,2024-01-08T23:59:59+00:00,,,,2024-02-05T23:59:59+00:00,
k8s:kep-4020,stable,k8s:v1.30,k8s:sig-api-machinery,slipped,2024-01-08T23:59:59+00:00,2024-01-08T23:59:59+00:00,2024-02-12T23:59:59+00:00,,,2024-01-22T23:59:59+00:00,
k8s:kep-4176,alpha,k8s:v1.30,k8s:sig-node,exception_granted,2024-02-12T23:59:59+00:00,,,,,2024-02-12T23:59:59+00:00,2024-02-12T23:59:59+00:00
k8s:kep-4188,beta,k8s:v1.30,k8s:sig-node,slipped,2024-01-08T23:59:59+00:00,2024-01-08T23:59:59+00:00,2024-02-12T23:59:59+00:00,,,2024-02-05T23:59:59+00:00,
k8s:kep-4192,alpha,k8s:v1.30,k8s:sig-api-machinery,exception_granted,2024-02-12T23:59:59+00:00,,,,2024-02-12T23:59:59+00:00,2024-02-12T23:59:59+00:00,2024-02-12T23:59:59+00:00
k8s:kep-4193,beta,k8s:v1.30,k8s:sig-auth,shipped,2024-01-08T23:59:59+00:00,2024-01-15T23:59:59+00:00,,,,2024-02-05T23:59:59+00:00,
k8s:kep-4205,alpha,k8s:v1.30,k8s:sig-node,slipped,2024-02-05T23:59:59+00:00,,,,2024-02-05T23:59:59+00:00,2024-02-05T23:59:59+00:00,2024-02-05T23:59:59+00:00
k8s:kep-4210,beta,k8s:v1.30,k8s:sig-node,unresolved,2024-02-12T23:59:59+00:00,,,,,2024-02-12T23:59:59+00:00,2024-02-12T23:59:59+00:00
k8s:kep-4222,alpha,k8s:v1.30,k8s:sig-api-machinery,slipped,2024-02-12T23:59:59+00:00,,,2024-02-12T23:59:59+00:00,2024-02-12T23:59:59+00:00,2024-02-12T23:59:59+00:00,2024-02-12T23:59:59+00:00
k8s:kep-4265,beta,k8s:v1.30,k8s:sig-node,slipped,2024-02-12T23:59:59+00:00,,,2024-02-12T23:59:59+00:00,,2024-02-12T23:59:59+00:00,2024-02-12T23:59:59+00:00
k8s:kep-4292,alpha,k8s:v1.30,k8s:sig-cli,shipped,2024-02-12T23:59:59+00:00,,,,,2024-02-12T23:59:59+00:00,2024-02-12T23:59:59+00:00
k8s:kep-4330,alpha,k8s:v1.30,k8s:sig-architecture,slipped,2024-02-12T23:59:59+00:00,,,2024-02-12T23:59:59+00:00,,2024-02-12T23:59:59+00:00,2024-02-12T23:59:59+00:00
k8s:kep-4346,alpha,k8s:v1.30,k8s:api-machinery,exception_granted,2024-02-12T23:59:59+00:00,,,,,2024-02-12T23:59:59+00:00,2024-02-12T23:59:59+00:00
k8s:kep-4358,alpha,k8s:v1.30,k8s:sig-api-machinery,unresolved,2024-01-22T23:59:59+00:00,,,,,2024-01-22T23:59:59+00:00,
k8s:kep-4368,beta,k8s:v1.30,k8s:sig-apps,slipped,2024-02-05T23:59:59+00:00,2024-02-05T23:59:59+00:00,,,,,2024-02-05T23:59:59+00:00
k8s:kep-4369,alpha,k8s:v1.30,k8s:sig-node,unresolved,2024-02-05T23:59:59+00:00,,,2024-02-05T23:59:59+00:00,,2024-02-05T23:59:59+00:00,2024-02-05T23:59:59+00:00
k8s:kep-4381,alpha,k8s:v1.30,k8s:sig-node,exception_granted,2024-02-12T23:59:59+00:00,,,2024-02-12T23:59:59+00:00,,2024-02-12T23:59:59+00:00,2024-02-12T23:59:59+00:00
k8s:kep-4402,stable,k8s:v1.30,k8s:sig-architecture,shipped,2024-02-05T23:59:59+00:00,,,2024-02-05T23:59:59+00:00,,2024-02-12T23:59:59+00:00,2024-02-05T23:59:59+00:00
k8s:kep-4420,alpha,k8s:v1.30,k8s:sig-api-machinery,shipped,2024-02-05T23:59:59+00:00,,,,,2024-02-05T23:59:59+00:00,2024-02-05T23:59:59+00:00
k8s:kep-4427,alpha,k8s:v1.30,k8s:sig-network,slipped,2024-02-12T23:59:59+00:00,,,,,2024-02-12T23:59:59+00:00,2024-02-12T23:59:59+00:00
k8s:kep-4438,alpha,k8s:v1.30,k8s:sig-node,slipped,2024-02-05T23:59:59+00:00,2024-02-05T23:59:59+00:00,,2024-02-05T23:59:59+00:00,,2024-02-05T23:59:59+00:00,2024-02-05T23:59:59+00:00
k8s:kep-4444,alpha,k8s:v1.30,k8s:sig-network,unresolved,2024-02-12T23:59:59+00:00,2024-02-12T23:59:59+00:00,,,,2024-02-12T23:59:59+00:00,2024-02-12T23:59:59+00:00
k8s:kep-647,stable,k8s:v1.30,k8s:sig-instrumentation,slipped,2024-01-08T23:59:59+00:00,2024-01-22T23:59:59+00:00,,2024-01-08T23:59:59+00:00,,2024-02-12T23:59:59+00:00,
k8s:kep-784,alpha,k8s:v1.30,k8s:sig-network,slipped,2024-01-08T23:59:59+00:00,2024-01-08T23:59:59+00:00,,2024-01-08T23:59:59+00:00,,2024-01-29T23:59:59+00:00,
k8s:kep-1029,beta,k8s:v1.31,k8s:sig-node,exception_granted,2024-06-17T23:59:59+00:00,,,,2024-06-17T23:59:59+00:00,2024-06-17T23:59:59+00:00,2024-06-17T23:59:59+00:00
k8s:kep-1287,beta,k8s:v1.31,k8s:sig-node,slipped,,2024-05-13T23:59:59+00:00,2024-07-01T23:59:59+00:00,2024-05-13T23:59:59+00:00,2024-05-13T23:59:59+00:00,2024-06-03T23:59:59+00:00,
k8s:kep-1710,stable,k8s:v1.31,k8s:sig-storage,slipped,2024-05-13T23:59:59+00:00,2024-05-13T23:59:59+00:00,2024-07-01T23:59:59+00:00,2024-05-13T23:59:59+00:00,2024-05-13T23:59:59+00:00,,
k8s:kep-1860,stable,k8s:v1.31,k8s:sig-network,slipped,2024-05-13T23:59:59+00:00,2024-05-13T23:59:59+00:00,2024-07-01T23:59:59+00:00,2024-05-13T23:59:59+00:00,2024-05-13T23:59:59+00:00,2024-06-17T23:59:59+00:00,
k8s:kep-2185,stable,k8s:v1.31,k8s:sig-apps,shipped,2024-06-17T23:59:59+00:00,,,2024-06-17T23:59:59+00:00,2024-06-17T23:59:59+00:00,,2024-06-17T23:59:59+00:00
k8s:kep-2340,beta,k8s:v1.31,k8s:sig-api-machinery,exception_granted,2024-05-13T23:59:59+00:00,,,2024-05-13T23:59:59+00:00,2024-05-13T23:59:59+00:00,2024-05-13T23:59:59+00:00,
k8s:kep-2395,stable,k8s:v1.31,k8s:sig-cloud-provider,unresolved,2024-05-13T23:59:59+00:00,2024-07-08T23:59:59+00:00,2024-07-01T23:59:59+00:00,2024-05-13T23:59:59+00:00,,,
k8s:kep-24,stable,k8s:v1.31,k8s:sig-node,shipped,2024-06-03T23:59:59+00:00,,,2024-06-03T23:59:59+00:00,2024-06-03T23:59:59+00:00,2024-06-03T23:59:59+00:00,2024-06-03T23:59:59+00:00
k8s:kep-2535,alpha,k8s:v1.31,k8s:sig-node,slipped,2024-06-17T23:59:59+00:00,,,,2024-06-17T23:59:59+00:00,2024-06-17T23:59:59+00:00,2024-06-17T23:59:59+00:00
k8s:kep-2644,beta,k8s:v1.31,k8s:sig-storage,shipped,2024-05-20T23:59:59+00:00,2024-07-08T23:59:59+00:00,,,2024-05-20T23:59:59+00:00,,
k8s:kep-3017,stable,k8s:v1.31,k8s:sig-apps,shipped,2024-06-10T23:59:59+00:00,,,2024-06-10T23:59:59+00:00,2024-06-10T23:59:59+00:00,,2024-06-10T23:59:59+00:00
k8s:kep-3104,alpha,k8s:v1.31,k8s:sig-cli,slipped,2024-06-10T23:59:59+00:00,,,,2024-06-10T23:59:59+00:00,,2024-06-10T23:59:59+00:00
k8s:kep-3157,beta,k8s:v1.31,k8s:sig-api-machinery,slipped,2024-05-27T23:59:59+00:00,,,2024-05-27T23:59:59+00:00,2024-05-27T23:59:59+00:00,2024-05-27T23:59:59+00:00,
k8s:kep-3314,alpha,k8s:v1.31,k8s:sig-storage,slipped,2024-06-17T23:59:59+00:00,,,2024-06-17T23:59:59+00:00,,,2024-06-17T23:59:59+00:00
k8s:kep-3329,stable,k8s:v1.31,k8s:sig-apps,shipped,2024-06-17T23:59:59+00:00,,,2024-06-17T23:59:59+00:00,2024-06-17T23:59:59+00:00,,2024-06-17T23:59:59+00:00
k8s:kep-3335,stable,k8s:v1.31,k8s:sig-apps,shipped,2024-06-17T23:59:59+00:00,,,2024-06-17T23:59:59+00:00,,,2024-06-17T23:59:59+00:00
k8s:kep-3476,stable,k8s:v1.31,k8s:sig-storage,slipped,2024-05-13T23:59:59+00:00,2024-05-13T23:59:59+00:00,2024-07-01T23:59:59+00:00,,,,
k8s:kep-3619,alpha,k8s:v1.31,k8s:sig-node,shipped,2024-06-03T23:59:59+00:00,,,,2024-06-03T23:59:59+00:00,2024-06-03T23:59:59+00:00,2024-06-03T23:59:59+00:00
k8s:kep-3633,beta,k8s:v1.31,k8s:sig-scheduling,shipped,2024-05-13T23:59:59+00:00,2024-07-08T23:59:59+00:00,,,2024-05-13T23:59:59+00:00,,
k8s:kep-3715,stable,k8s:v1.31,k8s:sig-apps,shipped,2024-06-17T23:59:59+00:00,,,,2024-06-17T23:59:59+00:00,,2024-06-17T23:59:59+00:00
k8s:kep-3751,beta,k8s:v1.31,k8s:sig-storage,shipped,2024-06-17T23:59:59+00:00,,,,,,2024-06-17T23:59:59+00:00
k8s:kep-3762,stable,k8s:v1.31,k8s:sig-storage,shipped,2024-05-13T23:59:59+00:00,2024-05-13T23:59:59+00:00,,,2024-05-13T23:59:59+00:00,,
k8s:kep-3836,stable,k8s:v1.31,k8s:sig-network,shipped,2024-05-13T23:59:59+00:00,2024-05-13T23:59:59+00:00,,,2024-05-13T23:59:59+00:00,2024-06-17T23:59:59+00:00,
k8s:kep-3857,beta,k8s:v1.31,k8s:sig-node,unresolved,2024-06-17T23:59:59+00:00,,,,,2024-06-17T23:59:59+00:00,2024-06-17T23:59:59+00:00
k8s:kep-3866,beta,k8s:v1.31,k8s:sig-network,unresolved,2024-05-13T23:59:59+00:00,2024-05-13T23:59:59+00:00,,,,2024-06-17T23:59:59+00:00,
k8s:kep-3926,stable,k8s:v1.31,k8s:sig-auth,slipped,2024-05-13T23:59:59+00:00,2024-05-13T23:59:59+00:00,2024-07-01T23:59:59+00:00,2024-05-13T23:59:59+00:00,,,
k8s:kep-3973,alpha,k8s:v1.31,k8s:sig-apps,slipped,2024-06-17T23:59:59+00:00,,,,2024-06-17T23:59:59+00:00,,2024-06-17T23:59:59+00:00
k8s:kep-3983,stable,k8s:v1.31,k8s:sig-node,slipped,2024-05-13T23:59:59+00:00,2024-06-17T23:59:59+00:00,2024-07-01T23:59:59+00:00,,,2024-06-03T23:59:59+00:00,
k8s:kep-3998,beta,k8s:v1.31,k8s:sig-apps,shipped,2024-06-17T23:59:59+00:00,,,,,,2024-06-17T23:59:59+00:00
k8s:kep-4004,beta,k8s:v1.31,k8s:sig-network,dropped,2024-05-13T23:59:59+00:00,2024-05-13T23:59:59+00:00,,2024-05-13T23:59:59+00:00,,2024-06-17T23:59:59+00:00,
k8s:kep-4006,beta,k8s:v1.31,k8s:sig-api-machinery,shipped,2024-06-10T23:59:59+00:00,,,2024-06-10T23:59:59+00:00,2024-06-10T23:59:59+00:00,2024-06-10T23:59:59+00:00,2024-06-10T23:59:59+00:00
k8s:kep-4009,stable,k8s:v1.31,k8s:sig-node,shipped,2024-06-03T23:59:59+00:00,2024-07-22T23:59:59+00:00,,,2024-06-03T23:59:59+00:00,2024-06-03T23:59:59+00:00,2024-06-03T23:59:59+00:00
k8s:kep-4033,beta,k8s:v1.31,k8s:sig-node,shipped,2024-06-17T23:59:59+00:00,,,,,2024-06-17T23:59:59+00:00,2024-06-17T23:59:59+00:00
k8s:kep-4176,beta,k8s:v1.31,k8s:sig-node,shipped,2024-05-13T23:59:59+00:00,2024-05-13T23:59:59+00:00,2024-07-01T23:59:59+00:00,,,2024-06-03T23:59:59+00:00,
k8s:kep-4188,stable,k8s:v1.31,k8s:sig-node,slipped,2024-05-13T23:59:59+00:00,2024-05-13T23:59:59+00:00,2024-07-01T23:59:59+00:00,,,2024-06-03T23:59:59+00:00,
k8s:kep-4191,beta,k8s:v1.31,k8s:sig-node,exception_granted,2024-06-17T23:59:59+00:00,,,2024-06-17T23:59:59+00:00,,2024-06-17T23:59:59+00:00,2024-06-17T23:59:59+00:00
k8s:kep-4216,beta,k8s:v1.31,k8s:sig-node,unresolved,2024-05-13T23:59:59+00:00,2024-05-13T23:59:59+00:00,2024-07-01T23:59:59+00:00,2024-05-13T23:59:59+00:00,,2024-06-03T23:59:59+00:00,
k8s:kep-4222,alpha,k8s:v1.31,k8s:sig-api-machinery,slipped,2024-06-17T23:59:59+00:00,,,2024-06-17T23:59:59+00:00,2024-06-17T23:59:59+00:00,2024-06-17T23:59:59+00:00,2024-06-17T23:59:59+00:00
k8s:kep-4265,beta,k8s:v1.31,k8s:sig-node,slipped,2024-06-03T23:59:59+00:00,,,2024-06-03T23:59:59+00:00,2024-06-03T23:59:59+00:00,2024-06-03T23:59:59+00:00,2024-06-03T23:59:59+00:00
k8s:kep-4292,beta,k8s:v1.31,k8s:sig-cli,shipped,2024-06-17T23:59:59+00:00,,,,,,2024-06-17T23:59:59+00:00
k8s:kep-4330,alpha,k8s:v1.31,k8s:sig-architecture,exception_granted,2024-06-17T23:59:59+00:00,,,2024-06-17T23:59:59+00:00,2024-06-17T23:59:59+00:00,,2024-06-17T23:59:59+00:00
k8s:kep-4358,beta,k8s:v1.31,k8s:sig-api-machinery,unresolved,2024-05-13T23:59:59+00:00,2024-07-01T23:59:59+00:00,,,,2024-05-13T23:59:59+00:00,
k8s:kep-4420,beta,k8s:v1.31,k8s:sig-api-machinery,unresolved,2024-05-13T23:59:59+00:00,,,,,2024-05-13T23:59:59+00:00,
k8s:kep-4427,beta,k8s:v1.31,k8s:sig-network,slipped,2024-05-13T23:59:59+00:00,2024-05-13T23:59:59+00:00,2024-07-01T23:59:59+00:00,,,2024-06-17T23:59:59+00:00,
k8s:kep-4438,alpha,k8s:v1.31,k8s:sig-node,slipped,2024-06-17T23:59:59+00:00,,,2024-06-17T23:59:59+00:00,2024-06-17T23:59:59+00:00,2024-06-17T23:59:59+00:00,2024-06-17T23:59:59+00:00
k8s:kep-4443,alpha,k8s:v1.31,k8s:sig-apps,slipped,2024-06-17T23:59:59+00:00,,,,,,2024-06-17T23:59:59+00:00
k8s:kep-4444,beta,k8s:v1.31,k8s:sig-network,unresolved,2024-06-17T23:59:59+00:00,,,,,2024-06-17T23:59:59+00:00,2024-06-17T23:59:59+00:00
k8s:kep-4460,alpha,k8s:v1.31,k8s:sig-api-machinery,unresolved,2024-06-10T23:59:59+00:00,,,2024-06-10T23:59:59+00:00,,2024-06-10T23:59:59+00:00,2024-06-10T23:59:59+00:00
k8s:kep-4568,beta,k8s:v1.31,k8s:sig-api-machinery,shipped,2024-05-13T23:59:59+00:00,2024-06-17T23:59:59+00:00,,2024-05-13T23:59:59+00:00,,2024-05-13T23:59:59+00:00,
k8s:kep-4569,alpha,k8s:v1.31,k8s:sig-node,shipped,2024-06-03T23:59:59+00:00,,2024-07-01T23:59:59+00:00,,,2024-06-03T23:59:59+00:00,2024-06-03T23:59:59+00:00
k8s:kep-4569,beta,k8s:v1.31,k8s:sig-node,shipped,2024-06-03T23:59:59+00:00,,2024-07-01T23:59:59+00:00,,,2024-06-03T23:59:59+00:00,2024-06-03T23:59:59+00:00
k8s:kep-4569,stable,k8s:v1.31,k8s:sig-node,shipped,2024-06-03T23:59:59+00:00,,,,,2024-06-03T23:59:59+00:00,2024-06-03T23:59:59+00:00
k8s:kep-4580,alpha,k8s:v1.31,k8s:sig-node,shipped,2024-06-17T23:59:59+00:00,,,,,2024-06-17T23:59:59+00:00,2024-06-17T23:59:59+00:00
k8s:kep-4601,alpha,k8s:v1.31,k8s:sig-auth,shipped,2024-06-10T23:59:59+00:00,,,,,,2024-06-10T23:59:59+00:00
k8s:kep-4622,beta,k8s:v1.31,k8s:sig-node,exception_granted,2024-06-17T23:59:59+00:00,,,,,2024-06-17T23:59:59+00:00,2024-06-17T23:59:59+00:00
k8s:kep-4633,alpha,k8s:v1.31,k8s:sig-auth,shipped,2024-06-10T23:59:59+00:00,,,,,,2024-06-10T23:59:59+00:00
k8s:kep-4680,alpha,k8s:v1.31,k8s:sig-node,shipped,2024-06-17T23:59:59+00:00,,,,,2024-06-17T23:59:59+00:00,2024-06-17T23:59:59+00:00
k8s:kep-4706,alpha,k8s:v1.31,k8s:sig-cli,unresolved,2024-06-17T23:59:59+00:00,,,,,,2024-06-17T23:59:59+00:00
k8s:kep-1287,beta,k8s:v1.32,k8s:sig-node,slipped,,,,2024-10-14T23:59:59+00:00,2024-10-14T23:59:59+00:00,2024-10-14T23:59:59+00:00,2024-10-14T23:59:59+00:00
k8s:kep-1769,stable,k8s:v1.32,k8s:sig-node,shipped,2024-10-14T23:59:59+00:00,,,,2024-10-14T23:59:59+00:00,2024-10-14T23:59:59+00:00,2024-10-14T23:59:59+00:00
k8s:kep-1790,beta,k8s:v1.32,k8s:sig-storage,shipped,2024-10-14T23:59:59+00:00,,,2024-10-14T23:59:59+00:00,2024-10-14T23:59:59+00:00,,2024-10-14T23:59:59+00:00
k8s:kep-1847,stable,k8s:v1.32,k8s:sig-apps,shipped,2024-09-23T23:59:59+00:00,2024-10-07T23:59:59+00:00,,2024-09-23T23:59:59+00:00,2024-09-23T23:59:59+00:00,,
k8s:kep-1860,stable,k8s:v1.32,k8s:sig-network,shipped,2024-09-23T23:59:59+00:00,,,2024-09-23T23:59:59+00:00,2024-09-23T23:59:59+00:00,,2024-09-23T23:59:59+00:00
k8s:kep-1967,stable,k8s:v1.32,k8s:sig-node,unresolved,,,,2024-10-14T23:59:59+00:00,2024-10-14T23:59:59+00:00,2024-10-14T23:59:59+00:00,2024-10-14T23:59:59+00:00
k8s:kep-2535,alpha,k8s:v1.32,k8s:sig-node,slipped,,,,,2024-10-14T23:59:59+00:00,2024-10-14T23:59:59+00:00,2024-10-14T23:59:59+00:00
k8s:kep-2837,alpha,k8s:v1.32,k8s:sig-node,slipped,2024-10-14T23:59:59+00:00,,,2024-10-14T23:59:59+00:00,,2024-10-14T23:59:59+00:00,2024-10-14T23:59:59+00:00
k8s:kep-2862,alpha,k8s:v1.32,k8s:sig-node,shipped,2024-09-30T23:59:59+00:00,,,2024-09-30T23:59:59+00:00,,2024-09-30T23:59:59+00:00,2024-09-30T23:59:59+00:00
k8s:kep-3104,alpha,k8s:v1.32,k8s:sig-cli,slipped,,,,,2024-09-30T23:59:59+00:00,,2024-09-30T23:59:59+00:00
k8s:kep-3157,beta,k8s:v1.32,k8s:sig-api-machinery,shipped,,,,2024-09-09T23:59:59+00:00,2024-09-09T23:59:59+00:00,2024-09-30T23:59:59+00:00,
k8s:kep-3221,stable,k8s:v1.32,k8s:sig-auth,shipped,2024-09-16T23:59:59+00:00,2024-10-21T23:59:59+00:00,,,,2024-10-14T23:59:59+00:00,
k8s:kep-3257,beta,k8s:v1.32,k8s:sig-auth,slipped,,,,,2024-10-14T23:59:59+00:00,2024-10-14T23:59:59+00:00,2024-10-14T23:59:59+00:00
k8s:kep-3288,alpha,k8s:v1.32,k8s:sig-node,shipped,2024-09-16T23:59:59+00:00,,,2024-09-16T23:59:59+00:00,2024-09-16T23:59:59+00:00,2024-09-16T23:59:59+00:00,
k8s:kep-3314,alpha,k8s:v1.32,k8s:sig-storage,slipped,,,,2024-10-14T23:59:59+00:00,2024-10-14T23:59:59+00:00,,2024-10-14T23:59:59+00:00
k8s:kep-3476,beta,k8s:v1.32,k8s:sig-storage,unresolved,2024-10-14T23:59:59+00:00,,,,2024-10-14T23:59:59+00:00,,2024-10-14T23:59:59+00:00
k8s:kep-3545,stable,k8s:v1.32,k8s:sig-node,shipped,2024-10-14T23:59:59+00:00,,,,2024-10-14T23:59:59+00:00,2024-10-14T23:59:59+00:00,2024-10-14T23:59:59+00:00
k8s:kep-3673,stable,k8s:v1.32,k8s:sig-node,slipped,2024-09-09T23:59:59+00:00,2024-09-30T23:59:59+00:00,2024-10-14T23:59:59+00:00,,2024-09-09T23:59:59+00:00,2024-09-16T23:59:59+00:00,
k8s:kep-3805,stable,k8s:v1.32,k8s:sig-cli,unresolved,2024-09-09T23:59:59+00:00,2024-09-09T23:59:59+00:00,2024-10-14T23:59:59+00:00,2024-09-09T23:59:59+00:00,,,
k8s:kep-3926,alpha,k8s:v1.32,k8s:sig-auth,shipped,2024-10-14T23:59:59+00:00,,,2024-10-14T23:59:59+00:00,2024-10-14T23:59:59+00:00,2024-10-14T23:59:59+00:00,2024-10-14T23:59:59+00:00
k8s:kep-3960,stable,k8s:v1.32,k8s:sig-node,slipped,2024-09-09T23:59:59+00:00,2024-09-09T23:59:59+00:00,,,2024-09-09T23:59:59+00:00,2024-09-16T23:59:59+00:00,
k8s:kep-3962,alpha,k8s:v1.32,k8s:sig-api-machinery,shipped,2024-10-14T23:59:59+00:00,,,2024-10-14T23:59:59+00:00,2024-10-14T23:59:59+00:00,2024-10-14T23:59:59+00:00,2024-10-14T23:59:59+00:00
k8s:kep-3973,alpha,k8s:v1.32,k8s:sig-apps,slipped,,,,,2024-10-07T23:59:59+00:00,,2024-10-07T23:59:59+00:00
k8s:kep-4006,stable,k8s:v1.32,k8s:sig-api-machinery,slipped,,2024-09-30T23:59:59+00:00,2024-10-14T23:59:59+00:00,2024-09-09T23:59:59+00:00,2024-09-09T23:59:59+00:00,2024-09-30T23:59:59+00:00,
k8s:kep-4017,stable,k8s:v1.32,k8s:sig-apps,shipped,2024-10-14T23:59:59+00:00,,,,,,2024-10-14T23:59:59+00:00
k8s:kep-4026,stable,k8s:v1.32,k8s:sig-apps,shipped,2024-10-07T23:59:59+00:00,,,,,,2024-10-07T23:59:59+00:00
k8s:kep-4049,alpha,k8s:v1.32,k8s:sig-storage,slipped,,,,2024-10-14T23:59:59+00:00,,,2024-10-14T23:59:59+00:00
k8s:kep-4192,beta,k8s:v1.32,k8s:sig-api-machinery,slipped,,2024-09-09T23:59:59+00:00,2024-10-14T23:59:59+00:00,,2024-09-09T23:59:59+00:00,2024-09-30T23:59:59+00:00,
k8s:kep-4193,stable,k8s:v1.32,k8s:sig-auth,shipped,,2024-09-09T23:59:59+00:00,,,2024-09-09T23:59:59+00:00,2024-10-14T23:59:59+00:00,
k8s:kep-4205,alpha,k8s:v1.32,k8s:sig-node,slipped,2024-09-30T23:59:59+00:00,,,,2024-09-30T23:59:59+00:00,2024-09-30T23:59:59+00:00,2024-09-30T23:59:59+00:00
k8s:kep-4222,alpha,k8s:v1.32,k8s:sig-api-machinery,unresolved,,,,2024-10-14T23:59:59+00:00,2024-10-14T23:59:59+00:00,2024-10-14T23:59:59+00:00,2024-10-14T23:59:59+00:00
k8s:kep-4292,stable,k8s:v1.32,k8s:sig-cli,shipped,2024-10-07T23:59:59+00:00,,,,,,2024-10-07T23:59:59+00:00
k8s:kep-4317,alpha,k8s:v1.32,k8s:sig-auth,slipped,2024-10-14T23:59:59+00:00,,,,,2024-10-14T23:59:59+00:00,2024-10-14T23:59:59+00:00
k8s:kep-4330,beta,k8s:v1.32,k8s:sig-architecture,shipped,,2024-10-14T23:59:59+00:00,2024-10-14T23:59:59+00:00,2024-09-09T23:59:59+00:00,2024-09-09T23:59:59+00:00,,
k8s:kep-4358,stable,k8s:v1.32,k8s:sig-api-machinery,shipped,,,,,,2024-09-30T23:59:59+00:00,2024-09-30T23:59:59+00:00
k8s:kep-4368,beta,k8s:v1.32,k8s:sig-apps,shipped,,,,,2024-09-30T23:59:59+00:00,,2024-09-30T23:59:59+00:00
k8s:kep-4369,beta,k8s:v1.32,k8s:sig-node,unresolved,2024-09-09T23:59:59+00:00,2024-09-09T23:59:59+00:00,,2024-09-09T23:59:59+00:00,,2024-09-16T23:59:59+00:00,
k8s:kep-4381,beta,k8s:v1.32,k8s:sig-node,shipped,,,,2024-10-14T23:59:59+00:00,,2024-10-14T23:59:59+00:00,2024-10-14T23:59:59+00:00
k8s:kep-4412,alpha,k8s:v1.32,k8s:sig-auth,slipped,,,,2024-10-14T23:59:59+00:00,,2024-10-14T23:59:59+00:00,2024-10-14T23:59:59+00:00
k8s:kep-4420,stable,k8s:v1.32,k8s:sig-api-machinery,shipped,,2024-09-09T23:59:59+00:00,,,,2024-09-30T23:59:59+00:00,
k8s:kep-4427,alpha,k8s:v1.32,k8s:sig-network,unresolved,2024-09-09T23:59:59+00:00,2024-09-09T23:59:59+00:00,,,2024-09-09T23:59:59+00:00,,
k8s:kep-4438,alpha,k8s:v1.32,k8s:sig-node,slipped,,,,2024-09-30T23:59:59+00:00,2024-09-30T23:59:59+00:00,2024-09-30T23:59:59+00:00,2024-09-30T23:59:59+00:00
k8s:kep-4540,alpha,k8s:v1.32,k8s:sig-node,shipped,2024-10-14T23:59:59+00:00,,,,,2024-10-14T23:59:59+00:00,2024-10-14T23:59:59+00:00
k8s:kep-4601,beta,k8s:v1.32,k8s:sig-auth,shipped,,,,,,2024-10-14T23:59:59+00:00,2024-10-07T23:59:59+00:00
k8s:kep-4603,alpha,k8s:v1.32,k8s:sig-node,shipped,,,,,,2024-10-14T23:59:59+00:00,2024-10-14T23:59:59+00:00
k8s:kep-4622,stable,k8s:v1.32,k8s:sig-node,slipped,,2024-09-09T23:59:59+00:00,2024-10-14T23:59:59+00:00,,,2024-09-16T23:59:59+00:00,
k8s:kep-4633,beta,k8s:v1.32,k8s:sig-auth,shipped,,2024-10-28T23:59:59+00:00,,,,2024-10-14T23:59:59+00:00,
k8s:kep-4639,beta,k8s:v1.32,k8s:sig-node,slipped,,2024-09-09T23:59:59+00:00,2024-10-14T23:59:59+00:00,2024-09-09T23:59:59+00:00,,2024-09-16T23:59:59+00:00,
k8s:kep-4656,alpha,k8s:v1.32,k8s:sig-cluster-lifecycle,unresolved,2024-10-07T23:59:59+00:00,,2024-10-14T23:59:59+00:00,,,,2024-10-07T23:59:59+00:00
k8s:kep-4800,alpha,k8s:v1.32,k8s:sig-node,shipped,2024-10-14T23:59:59+00:00,,,,,2024-10-14T23:59:59+00:00,2024-10-14T23:59:59+00:00
k8s:kep-4802,alpha,k8s:v1.32,k8s:sig-windows,shipped,,,,,,,2024-10-14T23:59:59+00:00
k8s:kep-4815,alpha,k8s:v1.32,k8s:sig-node,slipped,,2024-10-14T23:59:59+00:00,,2024-10-14T23:59:59+00:00,,2024-10-14T23:59:59+00:00,2024-10-14T23:59:59+00:00
k8s:kep-4816,alpha,k8s:v1.32,k8s:sig-scheduling,slipped,2024-10-14T23:59:59+00:00,,,2024-10-14T23:59:59+00:00,,,2024-10-14T23:59:59+00:00
k8s:kep-4817,alpha,k8s:v1.32,k8s:sig-node,shipped,2024-10-14T23:59:59+00:00,,,2024-10-14T23:59:59+00:00,,2024-10-14T23:59:59+00:00,2024-10-14T23:59:59+00:00
k8s:kep-4818,alpha,k8s:v1.32,k8s:sig-node,shipped,2024-10-07T23:59:59+00:00,,,,,2024-10-07T23:59:59+00:00,2024-10-07T23:59:59+00:00
k8s:kep-4827,alpha,k8s:v1.32,k8s:sig-instrumentation,shipped,2024-10-14T23:59:59+00:00,,,,,,2024-10-14T23:59:59+00:00
k8s:kep-4828,alpha,k8s:v1.32,k8s:sig-instrumentation,shipped,,,,,,,2024-10-14T23:59:59+00:00
k8s:kep-4832,alpha,k8s:v1.32,k8s:sig-scheduling,exception_granted,2024-10-14T23:59:59+00:00,,,,,,2024-10-14T23:59:59+00:00
k8s:kep-4885,alpha,k8s:v1.32,k8s:sig-windows,shipped,,,,2024-10-14T23:59:59+00:00,,,2024-10-14T23:59:59+00:00
k8s:kep-740,alpha,k8s:v1.32,k8s:sig-auth,shipped,,,,,,2024-10-14T23:59:59+00:00,2024-10-14T23:59:59+00:00
k8s:kep-784,alpha,k8s:v1.32,k8s:sig-network,slipped,,,,2024-10-07T23:59:59+00:00,2024-10-07T23:59:59+00:00,,2024-10-07T23:59:59+00:00
k8s:kep-127,beta,k8s:v1.33,k8s:sig-node,slipped,2025-02-03T23:59:59+00:00,,,,2025-02-03T23:59:59+00:00,2025-02-03T23:59:59+00:00,2025-02-03T23:59:59+00:00
k8s:kep-1287,beta,k8s:v1.33,k8s:sig-node,shipped,,,,2025-02-17T23:59:59+00:00,2025-02-17T23:59:59+00:00,2025-02-17T23:59:59+00:00,2025-02-17T23:59:59+00:00
k8s:kep-1495,stable,k8s:v1.33,k8s:sig-storage,unresolved,2025-01-27T23:59:59+00:00,,,2025-01-27T23:59:59+00:00,2025-01-27T23:59:59+00:00,2025-02-10T23:59:59+00:00,
k8s:kep-1880,stable,k8s:v1.33,k8s:sig-network,shipped,2025-01-13T23:59:59+00:00,2025-02-10T23:59:59+00:00,,2025-01-13T23:59:59+00:00,2025-01-13T23:59:59+00:00,2025-02-17T23:59:59+00:00,
k8s:kep-2008,stable,k8s:v1.33,k8s:sig-node,unresolved,2025-01-13T23:59:59+00:00,2025-01-13T23:59:59+00:00,2025-02-24T23:59:59+00:00,,2025-01-13T23:59:59+00:00,2025-01-13T23:59:59+00:00,
k8s:kep-2433,stable,k8s:v1.33,k8s:sig-network,shipped,,,,,2025-02-17T23:59:59+00:00,2025-02-17T23:59:59+00:00,2025-02-17T23:59:59+00:00
k8s:kep-2535,alpha,k8s:v1.33,k8s:sig-node,shipped,,,,,2025-02-03T23:59:59+00:00,2025-02-03T23:59:59+00:00,2025-02-03T23:59:59+00:00
k8s:kep-2589,stable,k8s:v1.33,k8s:sig-storage,unresolved,,,,2025-01-13T23:59:59+00:00,,2025-02-10T23:59:59+00:00,
k8s:kep-2590,stable,k8s:v1.33,k8s:sig-cli,shipped,,,,2025-02-17T23:59:59+00:00,,,2025-02-17T23:59:59+00:00
k8s:kep-2625,stable,k8s:v1.33,k8s:sig-node,unresolved,,,,,2025-02-17T23:59:59+00:00,2025-02-17T23:59:59+00:00,2025-02-17T23:59:59+00:00
k8s:kep-2644,stable,k8s:v1.33,k8s:sig-storage,shipped,,,,,2025-02-10T23:59:59+00:00,2025-02-10T23:59:59+00:00,2025-02-10T23:59:59+00:00
k8s:kep-2831,stable,k8s:v1.33,k8s:sig-instrumentation,slipped,,,,2025-02-17T23:59:59+00:00,2025-02-17T23:59:59+00:00,2025-02-17T23:59:59+00:00,2025-02-17T23:59:59+00:00
k8s:kep-2837,alpha,k8s:v1.33,k8s:sig-node,unresolved,,,,2025-02-17T23:59:59+00:00,2025-02-17T23:59:59+00:00,2025-02-17T23:59:59+00:00,2025-02-17T23:59:59+00:00
k8s:kep-2862,beta,k8s:v1.33,k8s:sig-node,unresolved,2025-01-27T23:59:59+00:00,,,2025-01-27T23:59:59+00:00,,2025-01-27T23:59:59+00:00,
k8s:kep-2902,beta,k8s:v1.33,k8s:sig-node,shipped,2025-02-10T23:59:59+00:00,,,,2025-02-10T23:59:59+00:00,2025-02-10T23:59:59+00:00,2025-02-10T23:59:59+00:00
k8s:kep-3015,alpha,k8s:v1.33,k8s:sig-network,unresolved,,,,,,2025-02-17T23:59:59+00:00,2025-02-17T23:59:59+00:00
k8s:kep-3094,stable,k8s:v1.33,k8s:sig-scheduling,exception_granted,,,,,,2025-02-17T23:59:59+00:00,2025-02-17T23:59:59+00:00
k8s:kep-3104,alpha,k8s:v1.33,k8s:sig-cli,unresolved,2025-01-20T23:59:59+00:00,2025-03-17T23:59:59+00:00,,,2025-01-20T23:59:59+00:00,,
k8s:kep-3257,beta,k8s:v1.33,k8s:sig-auth,shipped,2025-01-13T23:59:59+00:00,2025-03-10T23:59:59+00:00,,,2025-01-13T23:59:59+00:00,,
k8s:kep-3288,beta,k8s:v1.33,k8s:sig-node,unresolved,2025-01-13T23:59:59+00:00,2025-02-10T23:59:59+00:00,2025-02-24T23:59:59+00:00,2025-01-13T23:59:59+00:00,2025-01-13T23:59:59+00:00,2025-01-13T23:59:59+00:00,
k8s:kep-3314,alpha,k8s:v1.33,k8s:sig-storage,unresolved,2025-02-10T23:59:59+00:00,,,2025-02-10T23:59:59+00:00,2025-02-10T23:59:59+00:00,2025-02-10T23:59:59+00:00,2025-02-10T23:59:59+00:00
k8s:kep-3619,beta,k8s:v1.33,k8s:sig-node,shipped,,,,,,2025-02-17T23:59:59+00:00,2025-02-17T23:59:59+00:00
k8s:kep-3633,stable,k8s:v1.33,k8s:sig-scheduling,shipped,2025-01-20T23:59:59+00:00,,,,2025-01-13T23:59:59+00:00,2025-02-17T23:59:59+00:00,
k8s:kep-3695,beta,k8s:v1.33,k8s:sig-node,slipped,2025-01-13T23:59:59+00:00,2025-01-13T23:59:59+00:00,2025-02-24T23:59:59+00:00,,2025-01-13T23:59:59+00:00,2025-01-13T23:59:59+00:00,
k8s:kep-3850,stable,k8s:v1.33,k8s:sig-apps,shipped,,,,,,,2025-02-10T23:59:59+00:00
k8s:kep-3857,stable,k8s:v1.33,k8s:sig-node,unresolved,,,,,,2025-02-17T23:59:59+00:00,2025-02-17T23:59:59+00:00
k8s:kep-3866,stable,k8s:v1.33,k8s:sig-network,shipped,,2025-01-13T23:59:59+00:00,,,,2025-02-17T23:59:59+00:00,
k8s:kep-3939,stable,k8s:v1.33,k8s:sig-apps,slipped,,,,,,,2025-02-17T23:59:59+00:00
k8s:kep-3973,alpha,k8s:v1.33,k8s:sig-apps,shipped,2025-01-20T23:59:59+00:00,2025-03-17T23:59:59+00:00,,,2025-01-20T23:59:59+00:00,,
k8s:kep-3998,stable,k8s:v1.33,k8s:sig-apps,shipped,2025-02-10T23:59:59+00:00,,,,,,2025-02-10T23:59:59+00:00
k8s:kep-4004,disabled,k8s:v1.33,k8s:sig-network,unresolved,,,2025-02-24T23:59:59+00:00,2025-02-10T23:59:59+00:00,,2025-02-17T23:59:59+00:00,2025-02-10T23:59:59+00:00
k8s:kep-4008,stable,k8s:v1.33,k8s:sig-api-machinery,shipped,2025-02-10T23:59:59+00:00,,,,,2025-02-17T23:59:59+00:00,2025-02-10T23:59:59+00:00
k8s:kep-4049,alpha,k8s:v1.33,k8s:sig-storage,shipped,2025-01-27T23:59:59+00:00,,,2025-01-27T23:59:59+00:00,2025-01-27T23:59:59+00:00,2025-02-10T23:59:59+00:00,
k8s:kep-4176,stable,k8s:v1.33,k8s:sig-node,unresolved,,2025-01-13T23:59:59+00:00,2025-02-24T23:59:59+00:00,,,2025-01-13T23:59:59+00:00,
k8s:kep-4192,stable,k8s:v1.33,k8s:sig-api-machinery,slipped,,2025-01-13T23:59:59+00:00,2025-02-24T23:59:59+00:00,,2025-01-13T23:59:59+00:00,2025-02-17T23:59:59+00:00,
k8s:kep-4205,alpha,k8s:v1.33,k8s:sig-node,exception_granted,,,,,2025-02-10T23:59:59+00:00,2025-02-10T23:59:59+00:00,2025-02-10T23:59:59+00:00
k8s:kep-4265,beta,k8s:v1.33,k8s:sig-node,unresolved,2025-02-03T23:59:59+00:00,,,2025-02-03T23:59:59+00:00,2025-02-03T23:59:59+00:00,2025-02-03T23:59:59+00:00,2025-02-03T23:59:59+00:00
k8s:kep-4317,alpha,k8s:v1.33,k8s:sig-auth,slipped,,,,,2025-02-10T23:59:59+00:00,,2025-02-10T23:59:59+00:00
k8s:kep-4369,stable,k8s:v1.33,k8s:sig-node,slipped,2025-01-13T23:59:59+00:00,2025-01-13T23:59:59+00:00,2025-02-24T23:59:59+00:00,2025-01-13T23:59:59+00:00,2025-01-13T23:59:59+00:00,2025-01-13T23:59:59+00:00,
k8s:kep-4412,alpha,k8s:v1.33,k8s:sig-auth,unresolved,2025-01-13T23:59:59+00:00,2025-02-10T23:59:59+00:00,,2025-01-13T23:59:59+00:00,2025-01-13T23:59:59+00:00,,
k8s:kep-4427,beta,k8s:v1.33,k8s:sig-network,unresolved,2025-01-13T23:59:59+00:00,2025-01-13T23:59:59+00:00,,,2025-01-13T23:59:59+00:00,2025-02-17T23:59:59+00:00,
k8s:kep-4438,alpha,k8s:v1.33,k8s:sig-node,slipped,2025-02-03T23:59:59+00:00,,,2025-02-03T23:59:59+00:00,2025-02-03T23:59:59+00:00,2025-02-03T23:59:59+00:00,2025-02-03T23:59:59+00:00
k8s:kep-4444,stable,k8s:v1.33,k8s:sig-network,shipped,,,,,,2025-02-17T23:59:59+00:00,2025-02-17T23:59:59+00:00
k8s:kep-4540,beta,k8s:v1.33,k8s:sig-node,shipped,2025-01-13T23:59:59+00:00,2025-01-13T23:59:59+00:00,,,,2025-01-13T23:59:59+00:00,
k8s:kep-4639,beta,k8s:v1.33,k8s:sig-node,slipped,,,,2025-02-17T23:59:59+00:00,2025-02-17T23:59:59+00:00,2025-02-17T23:59:59+00:00,2025-02-17T23:59:59+00:00
k8s:kep-4742,alpha,k8s:v1.33,k8s:sig-node,shipped,,,,,,2025-02-17T23:59:59+00:00,2025-02-17T23:59:59+00:00
k8s:kep-4802,beta,k8s:v1.33,k8s:sig-windows,slipped,,2025-01-13T23:59:59+00:00,2025-02-24T23:59:59+00:00,,,,
k8s:kep-4815,alpha,k8s:v1.33,k8s:sig-scheduling,unresolved,,,,2025-02-17T23:59:59+00:00,2025-02-17T23:59:59+00:00,2025-02-17T23:59:59+00:00,2025-02-17T23:59:59+00:00
k8s:kep-4816,alpha,k8s:v1.33,k8s:sig-scheduling,shipped,2025-02-03T23:59:59+00:00,,,2025-02-03T23:59:59+00:00,2025-02-03T23:59:59+00:00,2025-02-17T23:59:59+00:00,2025-02-03T23:59:59+00:00
k8s:kep-4817,beta,k8s:v1.33,k8s:sig-node,shipped,,,,2025-02-17T23:59:59+00:00,,2025-02-17T23:59:59+00:00,2025-02-17T23:59:59+00:00
k8s:kep-4818,beta,k8s:v1.33,k8s:sig-node,shipped,,,,,,2025-02-17T23:59:59+00:00,2025-02-17T23:59:59+00:00
k8s:kep-4827,beta,k8s:v1.33,k8s:sig-instrumentation,slipped,2025-01-13T23:59:59+00:00,2025-01-13T23:59:59+00:00,2025-02-24T23:59:59+00:00,,,2025-02-10T23:59:59+00:00,
k8s:kep-4828,beta,k8s:v1.33,k8s:sig-instrumentation,slipped,2025-01-13T23:59:59+00:00,2025-01-13T23:59:59+00:00,2025-02-24T23:59:59+00:00,,,2025-02-10T23:59:59+00:00,
k8s:kep-4832,beta,k8s:v1.33,k8s:sig-scheduling,shipped,2025-02-10T23:59:59+00:00,,,,,2025-02-17T23:59:59+00:00,2025-02-10T23:59:59+00:00
k8s:kep-4858,alpha,k8s:v1.33,k8s:sig-network,unresolved,,,,2025-02-17T23:59:59+00:00,,2025-02-17T23:59:59+00:00,2025-02-17T23:59:59+00:00
k8s:kep-4876,alpha,k8s:v1.33,k8s:sig-storage,shipped,2025-02-03T23:59:59+00:00,,,2025-02-03T23:59:59+00:00,,2025-02-10T23:59:59+00:00,2025-02-03T23:59:59+00:00
k8s:kep-4951,alpha,k8s:v1.33,k8s:sig-autoscaling,exception_granted,2025-01-27T23:59:59+00:00,,,,,,
k8s:kep-4960,alpha,k8s:v1.33,k8s:sig-node,exception_granted,,,,2025-02-17T23:59:59+00:00,,2025-02-17T23:59:59+00:00,2025-02-17T23:59:59+00:00
k8s:kep-4974,deprecated,k8s:v1.33,k8s:sig-network,unresolved,,,2025-02-24T23:59:59+00:00,2025-02-17T23:59:59+00:00,,2025-02-17T23:59:59+00:00,2025-02-17T23:59:59+00:00
k8s:kep-4988,alpha,k8s:v1.33,k8s:sig-api-machinery,exception_granted,,,,,,2025-02-17T23:59:59+00:00,2025-02-17T23:59:59+00:00
k8s:kep-5007,alpha,k8s:v1.33,k8s:sig-scheduling,slipped,,,,,,2025-02-17T23:59:59+00:00,2025-02-17T23:59:59+00:00
k8s:kep-5018,alpha,k8s:v1.33,k8s:sig-auth,shipped,,,,,,,2025-02-17T23:59:59+00:00
k8s:kep-5027,alpha,k8s:v1.33,k8s:sig-scheduling,dropped,,,,,,2025-02-17T23:59:59+00:00,2025-02-17T23:59:59+00:00
k8s:kep-5040,alpha,k8s:v1.33,k8s:sig-storage,shipped,,,2025-02-24T23:59:59+00:00,,,2025-02-10T23:59:59+00:00,2025-02-10T23:59:59+00:00
k8s:kep-5055,alpha,k8s:v1.33,k8s:sig-scheduling,shipped,,,,,,2025-02-17T23:59:59+00:00,2025-02-17T23:59:59+00:00
k8s:kep-5067,alpha,k8s:v1.33,k8s:sig-node,shipped,,,,,,2025-02-17T23:59:59+00:00,2025-02-17T23:59:59+00:00
k8s:kep-5073,alpha,k8s:v1.33,k8s:sig-api-machinery,exception_granted,,,,,,2025-02-17T23:59:59+00:00,2025-02-17T23:59:59+00:00
k8s:kep-5073,beta,k8s:v1.33,k8s:sig-api-machinery,exception_granted,,,,,,2025-02-17T23:59:59+00:00,2025-02-17T23:59:59+00:00
k8s:kep-5080,alpha,k8s:v1.33,k8s:sig-api-machinery,dropped,,,,,,2025-02-17T23:59:59+00:00,2025-02-10T23:59:59+00:00
k8s:kep-5100,beta,k8s:v1.33,k8s:sig-windows,shipped,,,,2025-02-17T23:59:59+00:00,,,2025-02-17T23:59:59+00:00
k8s:kep-5116,beta,k8s:v1.33,k8s:sig-api-machinery,exception_granted,,,,,,2025-02-17T23:59:59+00:00,2025-02-17T23:59:59+00:00
k8s:kep-5142,beta,k8s:v1.33,k8s:sig-scheduling,shipped,,,,,,2025-02-17T23:59:59+00:00,2025-02-17T23:59:59+00:00
k8s:kep-647,stable,k8s:v1.33,k8s:sig-instrumentation,slipped,2025-02-10T23:59:59+00:00,,,2025-02-10T23:59:59+00:00,2025-02-10T23:59:59+00:00,2025-02-10T23:59:59+00:00,2025-02-10T23:59:59+00:00
k8s:kep-753,stable,k8s:v1.33,k8s:sig-node,shipped,2025-01-13T23:59:59+00:00,2025-01-13T23:59:59+00:00,,2025-01-13T23:59:59+00:00,2025-01-13T23:59:59+00:00,2025-01-13T23:59:59+00:00,
k8s:kep-784,alpha,k8s:v1.33,k8s:sig-network,unresolved,2025-01-20T23:59:59+00:00,,,2025-01-20T23:59:59+00:00,2025-01-20T23:59:59+00:00,2025-02-17T23:59:59+00:00,
k8s:kep-127,beta,k8s:v1.34,k8s:sig-node,slipped,2025-06-16T23:59:59+00:00,,,,2025-06-16T23:59:59+00:00,2025-06-23T23:59:59+00:00,2025-06-16T23:59:59+00:00
k8s:kep-1710,stable,k8s:v1.34,k8s:sig-storage,slipped,2025-05-19T23:59:59+00:00,2025-05-19T23:59:59+00:00,2025-06-30T23:59:59+00:00,2025-05-19T23:59:59+00:00,2025-05-19T23:59:59+00:00,,
k8s:kep-1790,stable,k8s:v1.34,k8s:sig-storage,shipped,,,,2025-06-16T23:59:59+00:00,2025-06-16T23:59:59+00:00,,2025-06-16T23:59:59+00:00
k8s:kep-2340,stable,k8s:v1.34,k8s:sig-api-machinery,shipped,2025-05-26T23:59:59+00:00,,,2025-05-26T23:59:59+00:00,,2025-06-09T23:59:59+00:00,
k8s:kep-2400,stable,k8s:v1.34,k8s:sig-node,shipped,2025-05-19T23:59:59+00:00,2025-05-19T23:59:59+00:00,,,2025-05-19T23:59:59+00:00,2025-06-23T23:59:59+00:00,
k8s:kep-2535,beta,k8s:v1.34,k8s:sig-node,slipped,,,,2025-06-23T23:59:59+00:00,2025-06-23T23:59:59+00:00,2025-06-23T23:59:59+00:00,2025-06-23T23:59:59+00:00
k8s:kep-2831,stable,k8s:v1.34,k8s:sig-instrumentation,shipped,,,,2025-06-16T23:59:59+00:00,2025-06-16T23:59:59+00:00,2025-06-16T23:59:59+00:00,2025-06-16T23:59:59+00:00
k8s:kep-2837,beta,k8s:v1.34,k8s:sig-node,exception_granted,,,,2025-06-23T23:59:59+00:00,,2025-06-23T23:59:59+00:00,2025-06-23T23:59:59+00:00
k8s:kep-3015,beta,k8s:v1.34,k8s:sig-network,unresolved,2025-05-19T23:59:59+00:00,2025-05-19T23:59:59+00:00,,,,,
k8s:kep-3104,beta,k8s:v1.34,k8s:sig-cli,shipped,,,,,2025-06-23T23:59:59+00:00,,2025-06-23T23:59:59+00:00
k8s:kep-3288,stable,k8s:v1.34,k8s:sig-node,unresolved,2025-05-19T23:59:59+00:00,2025-05-19T23:59:59+00:00,2025-06-30T23:59:59+00:00,2025-05-19T23:59:59+00:00,2025-05-19T23:59:59+00:00,2025-06-23T23:59:59+00:00,
k8s:kep-3331,stable,k8s:v1.34,k8s:sig-auth,shipped,2025-05-26T23:59:59+00:00,,,,2025-05-26T23:59:59+00:00,2025-06-23T23:59:59+00:00,
k8s:kep-3673,stable,k8s:v1.34,k8s:sig-node,slipped,2025-05-19T23:59:59+00:00,2025-05-19T23:59:59+00:00,2025-06-30T23:59:59+00:00,,2025-05-19T23:59:59+00:00,2025-06-23T23:59:59+00:00,
k8s:kep-3695,beta,k8s:v1.34,k8s:sig-node,shipped,,,,,2025-06-23T23:59:59+00:00,2025-06-23T23:59:59+00:00,2025-06-23T23:59:59+00:00
k8s:kep-3721,alpha,k8s:v1.34,k8s:sig-node,unresolved,,,,,,2025-06-23T23:59:59+00:00,2025-06-23T23:59:59+00:00
k8s:kep-3751,stable,k8s:v1.34,k8s:sig-storage,shipped,2025-06-09T23:59:59+00:00,,,,,,2025-06-09T23:59:59+00:00
k8s:kep-3902,stable,k8s:v1.34,k8s:sig-scheduling,shipped,,,,2025-06-16T23:59:59+00:00,,2025-06-16T23:59:59+00:00,2025-06-16T23:59:59+00:00
k8s:kep-3939,stable,k8s:v1.34,k8s:sig-apps,shipped,2025-06-09T23:59:59+00:00,,,,2025-06-09T23:59:59+00:00,,2025-06-09T23:59:59+00:00
k8s:kep-3960,stable,k8s:v1.34,k8s:sig-node,shipped,2025-06-16T23:59:59+00:00,,,,2025-06-16T23:59:59+00:00,2025-06-23T23:59:59+00:00,2025-06-16T23:59:59+00:00
k8s:kep-3962,beta,k8s:v1.34,k8s:sig-api-machinery,unresolved,,,,2025-06-16T23:59:59+00:00,,2025-06-16T23:59:59+00:00,2025-06-16T23:59:59+00:00
k8s:kep-4033,stable,k8s:v1.34,k8s:sig-node,shipped,,,,,,2025-06-23T23:59:59+00:00,2025-06-23T23:59:59+00:00
k8s:kep-4205,beta,k8s:v1.34,k8s:sig-node,shipped,,,,,,2025-06-23T23:59:59+00:00,2025-06-23T23:59:59+00:00
k8s:kep-4247,stable,k8s:v1.34,k8s:sig-scheduling,shipped,2025-05-19T23:59:59+00:00,2025-07-07T23:59:59+00:00,,,2025-05-19T23:59:59+00:00,2025-06-16T23:59:59+00:00,
k8s:kep-4317,alpha,k8s:v1.34,k8s:sig-auth,exception_granted,2025-06-16T23:59:59+00:00,,,,2025-06-16T23:59:59+00:00,2025-06-23T23:59:59+00:00,2025-06-16T23:59:59+00:00
k8s:kep-4330,stable,k8s:v1.34,k8s:sig-architecture,unresolved,2025-05-19T23:59:59+00:00,2025-05-19T23:59:59+00:00,2025-06-30T23:59:59+00:00,2025-05-19T23:59:59+00:00,2025-05-19T23:59:59+00:00,2025-05-19T23:59:59+00:00,
k8s:kep-4369,stable,k8s:v1.34,k8s:sig-node,shipped,2025-06-09T23:59:59+00:00,,,2025-06-09T23:59:59+00:00,2025-06-09T23:59:59+00:00,2025-06-23T23:59:59+00:00,2025-06-09T23:59:59+00:00
k8s:kep-4381,stable,k8s:v1.34,k8s:sig-node,shipped,2025-06-16T23:59:59+00:00,,,2025-06-16T23:59:59+00:00,,2025-06-23T23:59:59+00:00,2025-06-16T23:59:59+00:00
k8s:kep-4412,beta,k8s:v1.34,k8s:sig-auth,shipped,,,,2025-06-23T23:59:59+00:00,,2025-06-23T23:59:59+00:00,2025-06-23T23:59:59+00:00
k8s:kep-4427,stable,k8s:v1.34,k8s:sig-network,shipped,2025-05-19T23:59:59+00:00,2025-05-19T23:59:59+00:00,,,2025-05-19T23:59:59+00:00,,
k8s:kep-4438,beta,k8s:v1.34,k8s:sig-node,slipped,2025-05-19T23:59:59+00:00,2025-05-19T23:59:59+00:00,2025-06-30T23:59:59+00:00,2025-05-19T23:59:59+00:00,2025-05-19T23:59:59+00:00,2025-06-23T23:59:59+00:00,
k8s:kep-4568,stable,k8s:v1.34,k8s:sig-api-machinery,shipped,2025-06-09T23:59:59+00:00,,,2025-06-09T23:59:59+00:00,,2025-06-09T23:59:59+00:00,2025-06-09T23:59:59+00:00
k8s:kep-4601,stable,k8s:v1.34,k8s:sig-auth,shipped,,,,,,2025-06-23T23:59:59+00:00,2025-06-16T23:59:59+00:00
k8s:kep-4633,stable,k8s:v1.34,k8s:sig-auth,shipped,2025-05-26T23:59:59+00:00,2025-07-07T23:59:59+00:00,,,,2025-06-23T23:59:59+00:00,
k8s:kep-4639,beta,k8s:v1.34,k8s:sig-node,unresolved,2025-06-23T23:59:59+00:00,,,2025-06-23T23:59:59+00:00,2025-06-23T23:59:59+00:00,2025-06-23T23:59:59+00:00,2025-06-23T23:59:59+00:00
k8s:kep-4656,beta,k8s:v1.34,k8s:sig-cluster-lifecycle,unresolved,2025-05-19T23:59:59+00:00,2025-05-19T23:59:59+00:00,2025-06-30T23:59:59+00:00,,2025-05-19T23:59:59+00:00,,
k8s:kep-4762,alpha,k8s:v1.34,k8s:sig-network,exception_granted,,,,2025-06-23T23:59:59+00:00,,,2025-06-23T23:59:59+00:00
k8s:kep-4800,beta,k8s:v1.34,k8s:sig-node,unresolved,2025-05-19T23:59:59+00:00,2025-05-19T23:59:59+00:00,,,2025-05-19T23:59:59+00:00,2025-06-23T23:59:59+00:00,
k8s:kep-4802,beta,k8s:v1.34,k8s:sig-windows,unresolved,,,,,2025-06-23T23:59:59+00:00,,2025-06-23T23:59:59+00:00
k8s:kep-4815,beta,k8s:v1.34,k8s:sig-scheduling,slipped,2025-05-19T23:59:59+00:00,2025-06-30T23:59:59+00:00,2025-06-30T23:59:59+00:00,2025-05-19T23:59:59+00:00,2025-05-19T23:59:59+00:00,2025-06-16T23:59:59+00:00,
k8s:kep-4816,beta,k8s:v1.34,k8s:sig-scheduling,shipped,2025-05-19T23:59:59+00:00,2025-05-19T23:59:59+00:00,,2025-05-19T23:59:59+00:00,2025-05-19T23:59:59+00:00,2025-06-16T23:59:59+00:00,
k8s:kep-4818,stable,k8s:v1.34,k8s:sig-node,shipped,,,,,,2025-06-23T23:59:59+00:00,2025-06-16T23:59:59+00:00
k8s:kep-4827,stable,k8s:v1.34,k8s:sig-instrumentation,slipped,2025-05-19T23:59:59+00:00,2025-05-19T23:59:59+00:00,2025-06-30T23:59:59+00:00,,,2025-06-16T23:59:59+00:00,
k8s:kep-4828,stable,k8s:v1.34,k8s:sig-instrumentation,slipped,2025-05-19T23:59:59+00:00,2025-05-19T23:59:59+00:00,2025-06-30T23:59:59+00:00,,,2025-06-16T23:59:59+00:00,
k8s:kep-4872,alpha,k8s:v1.34,k8s:sig-auth,slipped,,,,,,2025-06-23T23:59:59+00:00,2025-06-23T23:59:59+00:00
k8s:kep-4876,beta,k8s:v1.34,k8s:sig-storage,shipped,2025-05-19T23:59:59+00:00,2025-05-19T23:59:59+00:00,,2025-05-19T23:59:59+00:00,,,
k8s:kep-4940,alpha,k8s:v1.34,k8s:sig-auth,dropped,,,2025-06-30T23:59:59+00:00,2025-06-23T23:59:59+00:00,,2025-06-23T23:59:59+00:00,2025-06-23T23:59:59+00:00
k8s:kep-4940,beta,k8s:v1.34,k8s:sig-auth,dropped,,,2025-06-30T23:59:59+00:00,2025-06-23T23:59:59+00:00,,2025-06-23T23:59:59+00:00,2025-06-23T23:59:59+00:00
k8s:kep-4940,stable,k8s:v1.34,k8s:sig-auth,shipped,,,2025-06-30T23:59:59+00:00,2025-06-23T23:59:59+00:00,,2025-06-23T23:59:59+00:00,2025-06-23T23:59:59+00:00
k8s:kep-4951,beta,k8s:v1.34,k8s:sig-autoscaling,slipped,,,,,,2025-06-23T23:59:59+00:00,2025-06-16T23:59:59+00:00
k8s:kep-4988,beta,k8s:v1.34,k8s:sig-api-machinery,shipped,2025-06-09T23:59:59+00:00,,,,,2025-06-09T23:59:59+00:00,2025-06-09T23:59:59+00:00
k8s:kep-5004,alpha,k8s:v1.34,k8s:sig-scheduling,exception_granted,,,,2025-06-16T23:59:59+00:00,,2025-06-16T23:59:59+00:00,2025-06-16T23:59:59+00:00
k8s:kep-5007,alpha,k8s:v1.34,k8s:sig-scheduling,exception_granted,,,,,2025-06-16T23:59:59+00:00,2025-06-16T23:59:59+00:00,2025-06-16T23:59:59+00:00
k8s:kep-5018,beta,k8s:v1.34,k8s:sig-auth,shipped,2025-05-19T23:59:59+00:00,,,,,2025-06-23T23:59:59+00:00,
k8s:kep-5067,beta,k8s:v1.34,k8s:sig-node,unresolved,2025-05-19T23:59:59+00:00,2025-05-26T23:59:59+00:00,,,,2025-06-23T23:59:59+00:00,
k8s:kep-5080,stable,k8s:v1.34,k8s:sig-api-machinery,unresolved,2025-06-02T23:59:59+00:00,2025-07-14T23:59:59+00:00,,,,2025-06-09T23:59:59+00:00,2025-06-02T23:59:59+00:00
k8s:kep-5100,stable,k8s:v1.34,k8s:sig-windows,shipped,,,,2025-06-23T23:59:59+00:00,,,2025-06-23T23:59:59+00:00
k8s:kep-5116,stable,k8s:v1.34,k8s:sig-api-machinery,shipped,2025-05-26T23:59:59+00:00,2025-07-21T23:59:59+00:00,,,,2025-06-09T23:59:59+00:00,
k8s:kep-5229,beta,k8s:v1.34,k8s:sig-scheduling,exception_granted,,,,,,2025-06-23T23:59:59+00:00,2025-06-23T23:59:59+00:00
k8s:kep-5234,alpha,k8s:v1.34,k8s:sig-scheduling,unresolved,2025-05-19T23:59:59+00:00,2025-06-30T23:59:59+00:00,,2025-05-19T23:59:59+00:00,,2025-06-16T23:59:59+00:00,
k8s:kep-5241,stable,k8s:v1.34,k8s:sig-architecture,unresolved,2025-05-19T23:59:59+00:00,2025-07-07T23:59:59+00:00,,,,2025-05-19T23:59:59+00:00,
k8s:kep-5278,beta,k8s:v1.34,k8s:sig-scheduling,slipped,,,,2025-06-16T23:59:59+00:00,,2025-06-16T23:59:59+00:00,2025-06-16T23:59:59+00:00
k8s:kep-5284,alpha,k8s:v1.34,k8s:sig-auth,slipped,,,,,,2025-06-23T23:59:59+00:00,2025-06-23T23:59:59+00:00
k8s:kep-5295,alpha,k8s:v1.34,k8s:sig-cli,shipped,2025-06-09T23:59:59+00:00,,,2025-06-09T23:59:59+00:00,,,2025-06-09T23:59:59+00:00
k8s:kep-5307,alpha,k8s:v1.34,k8s:sig-node,shipped,,,,,,2025-06-23T23:59:59+00:00,2025-06-23T23:59:59+00:00
k8s:kep-5311,alpha,k8s:v1.34,k8s:sig-network,unresolved,2025-06-16T23:59:59+00:00,,,,,,2025-06-16T23:59:59+00:00
k8s:kep-5325,alpha,k8s:v1.34,k8s:sig-autoscaling,slipped,,,,,,2025-06-23T23:59:59+00:00,2025-06-23T23:59:59+00:00
k8s:kep-5365,alpha,k8s:v1.34,k8s:sig-node,slipped,,,,,,2025-06-23T23:59:59+00:00,2025-06-23T23:59:59+00:00
k8s:kep-5366,alpha,k8s:v1.34,k8s:sig-api-machinery,slipped,,,,,,2025-06-23T23:59:59+00:00,2025-06-23T23:59:59+00:00
k8s:kep-5394,alpha,k8s:v1.34,k8s:sig-node,slipped,,,,2025-06-23T23:59:59+00:00,,2025-06-23T23:59:59+00:00,2025-06-23T23:59:59+00:00
k8s:kep-5419,alpha,k8s:v1.34,k8s:sig-node,slipped,2025-06-23T23:59:59+00:00,,,,,2025-06-23T23:59:59+00:00,2025-06-23T23:59:59+00:00
k8s:kep-647,stable,k8s:v1.34,k8s:sig-instrumentation,shipped,2025-06-23T23:59:59+00:00,,,2025-06-23T23:59:59+00:00,2025-06-23T23:59:59+00:00,2025-06-23T23:59:59+00:00,2025-06-23T23:59:59+00:00
k8s:kep-740,beta,k8s:v1.34,k8s:sig-auth,shipped,,,,,,2025-06-23T23:59:59+00:00,2025-06-16T23:59:59+00:00
k8s:kep-961,beta,k8s:v1.34,k8s:sig-apps,slipped,,,,,2025-06-23T23:59:59+00:00,,2025-06-23T23:59:59+00:00
k8s:kep-127,beta,k8s:v1.35,k8s:sig-node,unresolved,2025-10-06T23:59:59+00:00,,,,2025-10-06T23:59:59+00:00,2025-10-13T23:59:59+00:00,2025-10-06T23:59:59+00:00
k8s:kep-1287,stable,k8s:v1.35,k8s:sig-node,shipped,,,,2025-10-20T23:59:59+00:00,2025-10-20T23:59:59+00:00,2025-10-20T23:59:59+00:00,2025-10-20T23:59:59+00:00
k8s:kep-2033,beta,k8s:v1.35,k8s:sig-node,slipped,,,,,,2025-10-20T23:59:59+00:00,2025-10-20T23:59:59+00:00
k8s:kep-2371,beta,k8s:v1.35,k8s:sig-node,slipped,2025-10-20T23:59:59+00:00,,,,2025-10-20T23:59:59+00:00,2025-10-20T23:59:59+00:00,2025-10-20T23:59:59+00:00
k8s:kep-2535,beta,k8s:v1.35,k8s:sig-node,exception_granted,,,,2025-10-13T23:59:59+00:00,2025-10-13T23:59:59+00:00,2025-10-13T23:59:59+00:00,2025-10-13T23:59:59+00:00
k8s:kep-2902,stable,k8s:v1.35,k8s:sig-node,shipped,2025-09-15T23:59:59+00:00,2025-09-15T23:59:59+00:00,2025-10-13T23:59:59+00:00,,2025-09-15T23:59:59+00:00,2025-10-13T23:59:59+00:00,
k8s:kep-3015,stable,k8s:v1.35,k8s:sig-network,shipped,2025-09-22T23:59:59+00:00,2025-09-15T23:59:59+00:00,,,,,
k8s:kep-3619,stable,k8s:v1.35,k8s:sig-node,shipped,,,,,,2025-10-20T23:59:59+00:00,2025-10-20T23:59:59+00:00
k8s:kep-3673,stable,k8s:v1.35,k8s:sig-node,shipped,,,,,2025-10-20T23:59:59+00:00,2025-10-20T23:59:59+00:00,2025-10-20T23:59:59+00:00
k8s:kep-3721,beta,k8s:v1.35,k8s:sig-node,unresolved,2025-09-22T23:59:59+00:00,2025-10-13T23:59:59+00:00,2025-10-13T23:59:59+00:00,,,2025-10-13T23:59:59+00:00,
k8s:kep-3983,stable,k8s:v1.35,k8s:sig-node,shipped,,,,,2025-10-20T23:59:59+00:00,2025-10-20T23:59:59+00:00,2025-10-20T23:59:59+00:00
k8s:kep-4188,alpha,k8s:v1.35,k8s:sig-node,slipped,,,,,2025-10-20T23:59:59+00:00,2025-10-20T23:59:59+00:00,2025-10-20T23:59:59+00:00
k8s:kep-4192,beta,k8s:v1.35,k8s:sig-api-machinery,shipped,2025-10-06T23:59:59+00:00,,,,2025-10-06T23:59:59+00:00,2025-10-20T23:59:59+00:00,2025-10-06T23:59:59+00:00
k8s:kep-4210,stable,k8s:v1.35,k8s:sig-node,shipped,,,,,,2025-10-20T23:59:59+00:00,2025-10-20T23:59:59+00:00
k8s:kep-4216,stable,k8s:v1.35,k8s:sig-node,unresolved,2025-09-15T23:59:59+00:00,2025-09-15T23:59:59+00:00,2025-10-13T23:59:59+00:00,2025-09-15T23:59:59+00:00,,2025-10-13T23:59:59+00:00,
k8s:kep-4317,beta,k8s:v1.35,k8s:sig-auth,shipped,,,,,,,2025-10-20T23:59:59+00:00
k8s:kep-4368,stable,k8s:v1.35,k8s:sig-apps,shipped,2025-10-13T23:59:59+00:00,,,,,,2025-10-13T23:59:59+00:00
k8s:kep-4438,stable,k8s:v1.35,k8s:sig-node,slipped,2025-09-15T23:59:59+00:00,2025-09-15T23:59:59+00:00,2025-10-13T23:59:59+00:00,2025-09-15T23:59:59+00:00,2025-09-15T23:59:59+00:00,2025-10-13T23:59:59+00:00,
k8s:kep-4540,stable,k8s:v1.35,k8s:sig-node,shipped,2025-09-15T23:59:59+00:00,2025-09-15T23:59:59+00:00,2025-10-13T23:59:59+00:00,,,2025-10-13T23:59:59+00:00,
k8s:kep-4622,stable,k8s:v1.35,k8s:sig-node,shipped,,,,,2025-10-13T23:59:59+00:00,2025-10-13T23:59:59+00:00,2025-10-13T23:59:59+00:00
k8s:kep-4639,stable,k8s:v1.35,k8s:sig-node,slipped,2025-10-13T23:59:59+00:00,,,2025-10-13T23:59:59+00:00,2025-10-13T23:59:59+00:00,2025-10-13T23:59:59+00:00,2025-10-13T23:59:59+00:00
k8s:kep-4656,stable,k8s:v1.35,k8s:sig-cluster-lifecycle,unresolved,2025-09-15T23:59:59+00:00,2025-09-15T23:59:59+00:00,2025-10-13T23:59:59+00:00,,,,
k8s:kep-4671,alpha,k8s:v1.35,k8s:sig-scheduling,shipped,,,,2025-10-13T23:59:59+00:00,,2025-10-13T23:59:59+00:00,2025-10-13T23:59:59+00:00
k8s:kep-4680,beta,k8s:v1.35,k8s:sig-node,slipped,2025-09-22T23:59:59+00:00,,,,2025-09-15T23:59:59+00:00,2025-10-13T23:59:59+00:00,
k8s:kep-4742,beta,k8s:v1.35,k8s:sig-node,shipped,,,,,,2025-10-20T23:59:59+00:00,2025-10-20T23:59:59+00:00
k8s:kep-4762,beta,k8s:v1.35,k8s:sig-network,unresolved,2025-09-22T23:59:59+00:00,2025-10-13T23:59:59+00:00,2025-10-13T23:59:59+00:00,2025-09-15T23:59:59+00:00,,,
k8s:kep-4781,deprecated,k8s:v1.35,k8s:sig-node,unresolved,,,2025-10-20T23:59:59+00:00,2025-10-20T23:59:59+00:00,,2025-10-20T23:59:59+00:00,2025-10-20T23:59:59+00:00
k8s:kep-4817,stable,k8s:v1.35,k8s:sig-node,slipped,2025-10-13T23:59:59+00:00,,,2025-10-13T23:59:59+00:00,,2025-10-13T23:59:59+00:00,2025-10-13T23:59:59+00:00
k8s:kep-4872,alpha,k8s:v1.35,k8s:sig-auth,slipped,,,,,2025-10-06T23:59:59+00:00,,2025-10-06T23:59:59+00:00
k8s:kep-4876,stable,k8s:v1.35,k8s:sig-storage,slipped,2025-09-22T23:59:59+00:00,2025-09-15T23:59:59+00:00,2025-10-13T23:59:59+00:00,2025-09-15T23:59:59+00:00,2025-09-15T23:59:59+00:00,,
k8s:kep-4951,beta,k8s:v1.35,k8s:sig-autoscaling,shipped,2025-09-29T23:59:59+00:00,,,,2025-09-29T23:59:59+00:00,2025-09-29T23:59:59+00:00,2025-09-29T23:59:59+00:00
k8s:kep-5004,beta,k8s:v1.35,k8s:sig-scheduling,slipped,2025-09-22T23:59:59+00:00,,2025-10-13T23:59:59+00:00,2025-09-15T23:59:59+00:00,,2025-10-13T23:59:59+00:00,
k8s:kep-5007,beta,k8s:v1.35,k8s:sig-scheduling,slipped,2025-09-22T23:59:59+00:00,2025-09-15T23:59:59+00:00,2025-10-13T23:59:59+00:00,,2025-09-15T23:59:59+00:00,2025-10-13T23:59:59+00:00,
k8s:kep-5018,stable,k8s:v1.35,k8s:sig-auth,slipped,2025-09-22T23:59:59+00:00,2025-09-15T23:59:59+00:00,2025-10-13T23:59:59+00:00,,,,
k8s:kep-5030,alpha,k8s:v1.35,k8s:sig-autoscaling,shipped,,,,2025-10-20T23:59:59+00:00,,2025-10-20T23:59:59+00:00,2025-10-20T23:59:59+00:00
k8s:kep-5067,stable,k8s:v1.35,k8s:sig-node,shipped,2025-09-22T23:59:59+00:00,2025-09-15T23:59:59+00:00,2025-10-13T23:59:59+00:00,,,2025-10-13T23:59:59+00:00,
k8s:kep-5234,beta,k8s:v1.35,k8s:sig-scheduling,unresolved,2025-09-15T23:59:59+00:00,2025-09-15T23:59:59+00:00,2025-10-13T23:59:59+00:00,2025-09-15T23:59:59+00:00,,2025-10-13T23:59:59+00:00,
k8s:kep-5237,alpha,k8s:v1.35,k8s:sig-cloud-provider,shipped,,,,,,,2025-10-20T23:59:59+00:00
k8s:kep-5278,beta,k8s:v1.35,k8s:sig-scheduling,shipped,2025-09-22T23:59:59+00:00,,2025-10-13T23:59:59+00:00,2025-09-15T23:59:59+00:00,2025-09-15T23:59:59+00:00,2025-10-13T23:59:59+00:00,
k8s:kep-5284,alpha,k8s:v1.35,k8s:sig-auth,shipped,,,,,2025-10-13T23:59:59+00:00,,2025-10-13T23:59:59+00:00
k8s:kep-5295,beta,k8s:v1.35,k8s:sig-cli,shipped,,,,2025-10-06T23:59:59+00:00,,,2025-10-06T23:59:59+00:00
k8s:kep-5307,beta,k8s:v1.35,k8s:sig-node,shipped,2025-09-22T23:59:59+00:00,2025-09-15T23:59:59+00:00,2025-10-13T23:59:59+00:00,,,2025-10-13T23:59:59+00:00,
k8s:kep-5311,beta,k8s:v1.35,k8s:sig-network,slipped,2025-09-22T23:59:59+00:00,2025-09-15T23:59:59+00:00,,,,,
k8s:kep-5325,alpha,k8s:v1.35,k8s:sig-autoscaling,unresolved,2025-09-22T23:59:59+00:00,2025-09-22T23:59:59+00:00,,,2025-09-15T23:59:59+00:00,2025-09-29T23:59:59+00:00,
k8s:kep-5328,alpha,k8s:v1.35,k8s:sig-node,unresolved,,,,2025-10-13T23:59:59+00:00,,2025-10-13T23:59:59+00:00,2025-10-13T23:59:59+00:00
k8s:kep-5365,alpha,k8s:v1.35,k8s:sig-node,slipped,,,,,2025-10-13T23:59:59+00:00,2025-10-13T23:59:59+00:00,2025-10-13T23:59:59+00:00
k8s:kep-5366,alpha,k8s:v1.35,k8s:sig-api-machinery,slipped,2025-09-29T23:59:59+00:00,,,,2025-09-29T23:59:59+00:00,2025-10-20T23:59:59+00:00,2025-09-29T23:59:59+00:00
k8s:kep-5381,alpha,k8s:v1.35,k8s:sig-storage,shipped,,,,2025-10-20T23:59:59+00:00,,,2025-10-20T23:59:59+00:00
k8s:kep-5419,alpha,k8s:v1.35,k8s:sig-node,exception_granted,2025-10-06T23:59:59+00:00,,,,2025-10-06T23:59:59+00:00,2025-10-13T23:59:59+00:00,2025-10-06T23:59:59+00:00
k8s:kep-5440,alpha,k8s:v1.35,k8s:sig-apps,shipped,,,,2025-10-13T23:59:59+00:00,,,2025-10-13T23:59:59+00:00
k8s:kep-5468,alpha,k8s:v1.35,k8s:sig-testing,shipped,,,2025-10-13T23:59:59+00:00,2025-10-06T23:59:59+00:00,,,2025-10-06T23:59:59+00:00
k8s:kep-5468,beta,k8s:v1.35,k8s:sig-testing,shipped,,,2025-10-13T23:59:59+00:00,2025-10-06T23:59:59+00:00,,,2025-10-06T23:59:59+00:00
k8s:kep-5468,stable,k8s:v1.35,k8s:sig-testing,shipped,,,,2025-10-06T23:59:59+00:00,,,2025-10-06T23:59:59+00:00
k8s:kep-5471,alpha,k8s:v1.35,k8s:sig-scheduling,exception_granted,,,,2025-10-20T23:59:59+00:00,,2025-10-20T23:59:59+00:00,2025-10-20T23:59:59+00:00
k8s:kep-5495,deprecated,k8s:v1.35,k8s:sig-network,shipped,2025-09-29T23:59:59+00:00,,2025-10-13T23:59:59+00:00,,,,2025-09-29T23:59:59+00:00
k8s:kep-5501,beta,k8s:v1.35,k8s:sig-scheduling,unresolved,,,,,,2025-10-20T23:59:59+00:00,2025-10-20T23:59:59+00:00
k8s:kep-5504,stable,k8s:v1.35,k8s:sig-api-machinery,shipped,2025-09-29T23:59:59+00:00,,,2025-09-29T23:59:59+00:00,,2025-10-20T23:59:59+00:00,
k8s:kep-5526,alpha,k8s:v1.35,k8s:sig-node,slipped,,,,,,2025-10-20T23:59:59+00:00,2025-10-20T23:59:59+00:00
k8s:kep-5532,alpha,k8s:v1.35,k8s:sig-node,exception_granted,,,,2025-10-20T23:59:59+00:00,,2025-10-20T23:59:59+00:00,2025-10-20T23:59:59+00:00
k8s:kep-5538,beta,k8s:v1.35,k8s:sig-storage,shipped,,,,2025-10-20T23:59:59+00:00,,,2025-10-20T23:59:59+00:00
k8s:kep-5573,beta,k8s:v1.35,k8s:sig-node,shipped,,,,,,2025-10-13T23:59:59+00:00,2025-10-13T23:59:59+00:00
k8s:kep-5589,stable,k8s:v1.35,k8s:sig-api-machinery,shipped,,,,2025-10-13T23:59:59+00:00,,2025-10-20T23:59:59+00:00,2025-10-13T23:59:59+00:00
k8s:kep-5593,beta,k8s:v1.35,k8s:sig-node,shipped,,,,,,2025-10-20T23:59:59+00:00,2025-10-20T23:59:59+00:00
k8s:kep-5598,beta,k8s:v1.35,k8s:sig-scheduling,exception_granted,,,,,,2025-10-20T23:59:59+00:00,2025-10-20T23:59:59+00:00
k8s:kep-5607,alpha,k8s:v1.35,k8s:sig-node,unresolved,,,,,,2025-10-20T23:59:59+00:00,2025-10-20T23:59:59+00:00
k8s:kep-5647,alpha,k8s:v1.35,k8s:sig-api-machinery,slipped,,,,,,2025-10-20T23:59:59+00:00,2025-10-20T23:59:59+00:00
k8s:kep-859,stable,k8s:v1.35,k8s:sig-cli,shipped,,,,2025-10-13T23:59:59+00:00,2025-10-13T23:59:59+00:00,,2025-10-13T23:59:59+00:00
k8s:kep-961,beta,k8s:v1.35,k8s:sig-apps,shipped,,2025-10-27T23:59:59+00:00,,,2025-09-15T23:59:59+00:00,,
k8s:kep-127,stable,k8s:v1.36,k8s:sig-node,shipped,2026-02-09T23:59:59+00:00,,,,2026-02-09T23:59:59+00:00,2026-02-16T23:59:59+00:00,2026-02-09T23:59:59+00:00
k8s:kep-1710,stable,k8s:v1.36,k8s:sig-storage,unresolved,2026-02-16T23:59:59+00:00,2026-03-16T23:59:59+00:00,,2026-02-16T23:59:59+00:00,2026-02-16T23:59:59+00:00,2026-02-16T23:59:59+00:00,2026-02-16T23:59:59+00:00
k8s:kep-2258,stable,k8s:v1.36,k8s:sig-windows,shipped,,,,2026-02-16T23:59:59+00:00,2026-02-16T23:59:59+00:00,,2026-02-16T23:59:59+00:00
k8s:kep-2371,beta,k8s:v1.36,k8s:sig-node,slipped,2026-02-02T23:59:59+00:00,,,,2026-02-02T23:59:59+00:00,2026-02-16T23:59:59+00:00,2026-02-02T23:59:59+00:00
k8s:kep-2862,stable,k8s:v1.36,k8s:sig-node,shipped,2026-01-26T23:59:59+00:00,,,2026-01-26T23:59:59+00:00,,2026-02-16T23:59:59+00:00,2026-01-26T23:59:59+00:00
k8s:kep-3243,stable,k8s:v1.36,k8s:sig-scheduling,unresolved,2026-01-12T23:59:59+00:00,2026-01-12T23:59:59+00:00,2026-02-23T23:59:59+00:00,,2026-01-12T23:59:59+00:00,2026-01-26T23:59:59+00:00,
k8s:kep-3314,beta,k8s:v1.36,k8s:sig-storage,unresolved,2026-02-16T23:59:59+00:00,,,2026-02-16T23:59:59+00:00,,2026-02-16T23:59:59+00:00,2026-02-16T23:59:59+00:00
k8s:kep-3476,stable,k8s:v1.36,k8s:sig-storage,unresolved,,2026-03-16T23:59:59+00:00,,,2026-02-09T23:59:59+00:00,2026-02-16T23:59:59+00:00,2026-02-09T23:59:59+00:00
k8s:kep-3541,alpha,k8s:v1.36,k8s:sig-apps,slipped,,,,,,,2026-02-16T23:59:59+00:00
k8s:kep-3695,stable,k8s:v1.36,k8s:sig-node,shipped,2026-01-12T23:59:59+00:00,2026-01-12T23:59:59+00:00,,,2026-01-12T23:59:59+00:00,2026-02-16T23:59:59+00:00,
k8s:kep-3926,beta,k8s:v1.36,k8s:sig-auth,slipped,,,,2026-02-09T23:59:59+00:00,2026-02-09T23:59:59+00:00,,2026-02-09T23:59:59+00:00
k8s:kep-3962,stable,k8s:v1.36,k8s:sig-api-machinery,shipped,2026-01-19T23:59:59+00:00,,,2026-01-19T23:59:59+00:00,,2026-02-02T23:59:59+00:00,
k8s:kep-4020,beta,k8s:v1.36,k8s:sig-api-machinery,shipped,2026-01-19T23:59:59+00:00,2026-01-12T23:59:59+00:00,,,2026-01-12T23:59:59+00:00,2026-02-02T23:59:59+00:00,
k8s:kep-4188,alpha,k8s:v1.36,k8s:sig-node,shipped,,,,,2026-02-16T23:59:59+00:00,2026-02-16T23:59:59+00:00,2026-02-16T23:59:59+00:00
k8s:kep-4205,stable,k8s:v1.36,k8s:sig-node,shipped,2026-02-09T23:59:59+00:00,,,,,2026-02-16T23:59:59+00:00,2026-02-09T23:59:59+00:00
k8s:kep-4265,stable,k8s:v1.36,k8s:sig-node,shipped,,,,2026-02-09T23:59:59+00:00,,2026-02-16T23:59:59+00:00,2026-02-09T23:59:59+00:00
k8s:kep-4639,stable,k8s:v1.36,k8s:sig-node,shipped,2026-02-02T23:59:59+00:00,,,2026-02-02T23:59:59+00:00,2026-02-02T23:59:59+00:00,2026-02-16T23:59:59+00:00,2026-02-02T23:59:59+00:00
k8s:kep-4680,beta,k8s:v1.36,k8s:sig-node,shipped,2026-02-02T23:59:59+00:00,,,,2026-02-02T23:59:59+00:00,2026-02-16T23:59:59+00:00,2026-02-02T23:59:59+00:00
k8s:kep-4800,stable,k8s:v1.36,k8s:sig-node,unresolved,2026-01-12T23:59:59+00:00,2026-01-12T23:59:59+00:00,,,2026-01-12T23:59:59+00:00,2026-02-16T23:59:59+00:00,
k8s:kep-4815,beta,k8s:v1.36,k8s:sig-scheduling,shipped,,,,2026-02-02T23:59:59+00:00,2026-02-02T23:59:59+00:00,2026-02-02T23:59:59+00:00,2026-02-02T23:59:59+00:00
k8s:kep-4816,stable,k8s:v1.36,k8s:sig-scheduling,shipped,,,,2026-02-02T23:59:59+00:00,2026-02-02T23:59:59+00:00,2026-02-02T23:59:59+00:00,2026-02-02T23:59:59+00:00
k8s:kep-4817,stable,k8s:v1.36,k8s:sig-node,slipped,2026-02-02T23:59:59+00:00,2026-02-02T23:59:59+00:00,,2026-02-02T23:59:59+00:00,2026-02-02T23:59:59+00:00,2026-02-16T23:59:59+00:00,2026-02-02T23:59:59+00:00
k8s:kep-4827,beta,k8s:v1.36,k8s:sig-instrumentation,shipped,2026-01-19T23:59:59+00:00,2026-01-12T23:59:59+00:00,,,2026-01-12T23:59:59+00:00,2026-02-16T23:59:59+00:00,
k8s:kep-4828,beta,k8s:v1.36,k8s:sig-instrumentation,shipped,2026-01-19T23:59:59+00:00,2026-01-12T23:59:59+00:00,,,2026-01-12T23:59:59+00:00,2026-02-16T23:59:59+00:00,
k8s:kep-4858,beta,k8s:v1.36,k8s:sig-network,shipped,2026-01-12T23:59:59+00:00,,,2026-01-12T23:59:59+00:00,,,
k8s:kep-4872,beta,k8s:v1.36,k8s:sig-auth,slipped,2026-01-19T23:59:59+00:00,2026-01-12T23:59:59+00:00,2026-02-23T23:59:59+00:00,,2026-01-12T23:59:59+00:00,,
k8s:kep-4876,stable,k8s:v1.36,k8s:sig-storage,shipped,2026-01-19T23:59:59+00:00,2026-01-12T23:59:59+00:00,,2026-01-12T23:59:59+00:00,2026-01-12T23:59:59+00:00,2026-02-16T23:59:59+00:00,
k8s:kep-5004,beta,k8s:v1.36,k8s:sig-scheduling,unresolved,2026-01-26T23:59:59+00:00,,,2026-01-26T23:59:59+00:00,2026-01-26T23:59:59+00:00,2026-01-26T23:59:59+00:00,2026-01-26T23:59:59+00:00
k8s:kep-5007,beta,k8s:v1.36,k8s:sig-scheduling,shipped,2026-01-19T23:59:59+00:00,2026-01-12T23:59:59+00:00,,,2026-01-12T23:59:59+00:00,2026-01-26T23:59:59+00:00,
k8s:kep-5018,stable,k8s:v1.36,k8s:sig-auth,shipped,2026-01-12T23:59:59+00:00,2026-01-19T23:59:59+00:00,,,2026-01-12T23:59:59+00:00,,
k8s:kep-5040,beta,k8s:v1.36,k8s:sig-storage,shipped,,,2026-02-23T23:59:59+00:00,,,2026-02-16T23:59:59+00:00,2026-02-02T23:59:59+00:00
k8s:kep-5055,beta,k8s:v1.36,k8s:sig-scheduling,shipped,2026-01-26T23:59:59+00:00,,,,,2026-01-26T23:59:59+00:00,2026-01-26T23:59:59+00:00
k8s:kep-5234,stable,k8s:v1.36,k8s:sig-scheduling,unresolved,2026-01-12T23:59:59+00:00,2026-01-12T23:59:59+00:00,2026-02-23T23:59:59+00:00,2026-01-12T23:59:59+00:00,,2026-01-26T23:59:59+00:00,
k8s:kep-5284,beta,k8s:v1.36,k8s:sig-auth,shipped,2026-01-19T23:59:59+00:00,2026-01-12T23:59:59+00:00,,,2026-01-12T23:59:59+00:00,,
k8s:kep-5304,alpha,k8s:v1.36,k8s:sig-node,shipped,,,,,,2026-02-16T23:59:59+00:00,2026-02-16T23:59:59+00:00
k8s:kep-5307,stable,k8s:v1.36,k8s:sig-node,unresolved,2026-01-19T23:59:59+00:00,2026-01-12T23:59:59+00:00,2026-02-23T23:59:59+00:00,,,2026-02-16T23:59:59+00:00,
k8s:kep-5311,beta,k8s:v1.36,k8s:sig-network,shipped,2026-01-19T23:59:59+00:00,2026-03-16T23:59:59+00:00,,,2026-01-19T23:59:59+00:00,,
k8s:kep-5325,beta,k8s:v1.36,k8s:sig-autoscaling,unresolved,2026-01-12T23:59:59+00:00,2026-01-12T23:59:59+00:00,2026-02-23T23:59:59+00:00,,2026-01-12T23:59:59+00:00,,
k8s:kep-5328,beta,k8s:v1.36,k8s:sig-node,shipped,,,,2026-02-16T23:59:59+00:00,,2026-02-16T23:59:59+00:00,2026-02-16T23:59:59+00:00
k8s:kep-5365,alpha,k8s:v1.36,k8s:sig-node,shipped,2026-01-12T23:59:59+00:00,2026-02-09T23:59:59+00:00,,,2026-01-12T23:59:59+00:00,2026-02-16T23:59:59+00:00,
k8s:kep-5366,alpha,k8s:v1.36,k8s:sig-api-machinery,shipped,,,,,2026-02-16T23:59:59+00:00,2026-02-16T23:59:59+00:00,2026-02-16T23:59:59+00:00
k8s:kep-5381,beta,k8s:v1.36,k8s:sig-storage,unresolved,2026-01-19T23:59:59+00:00,2026-01-12T23:59:59+00:00,2026-02-23T23:59:59+00:00,2026-01-12T23:59:59+00:00,,2026-02-16T23:59:59+00:00,
k8s:kep-5394,alpha,k8s:v1.36,k8s:sig-node,unresolved,,,,2026-02-09T23:59:59+00:00,2026-02-09T23:59:59+00:00,2026-02-16T23:59:59+00:00,2026-02-09T23:59:59+00:00
k8s:kep-5419,beta,k8s:v1.36,k8s:sig-node,shipped,,,,,,2026-02-16T23:59:59+00:00,2026-02-16T23:59:59+00:00
k8s:kep-5440,beta,k8s:v1.36,k8s:sig-apps,shipped,2026-01-19T23:59:59+00:00,2026-01-12T23:59:59+00:00,,2026-01-12T23:59:59+00:00,,,
k8s:kep-5517,alpha,k8s:v1.36,k8s:sig-scheduling,shipped,,2026-02-16T23:59:59+00:00,,2026-02-16T23:59:59+00:00,,2026-02-16T23:59:59+00:00,2026-02-16T23:59:59+00:00
k8s:kep-5526,alpha,k8s:v1.36,k8s:sig-node,shipped,,,,,2026-02-16T23:59:59+00:00,2026-02-16T23:59:59+00:00,2026-02-16T23:59:59+00:00
k8s:kep-5532,beta,k8s:v1.36,k8s:sig-node,shipped,2026-01-19T23:59:59+00:00,2026-01-12T23:59:59+00:00,,2026-01-12T23:59:59+00:00,,2026-02-16T23:59:59+00:00,
k8s:kep-5538,stable,k8s:v1.36,k8s:sig-storage,shipped,,,,2026-02-02T23:59:59+00:00,,2026-02-16T23:59:59+00:00,2026-02-02T23:59:59+00:00
k8s:kep-5541,alpha,k8s:v1.36,k8s:sig-storage,shipped,,,,,,2026-02-16T23:59:59+00:00,2026-02-16T23:59:59+00:00
k8s:kep-5547,alpha,k8s:v1.36,k8s:sig-apps,shipped,,,,2026-02-16T23:59:59+00:00,,,2026-02-16T23:59:59+00:00
k8s:kep-5647,alpha,k8s:v1.36,k8s:sig-api-machinery,dropped,2026-02-02T23:59:59+00:00,,,,2026-02-02T23:59:59+00:00,2026-02-02T23:59:59+00:00,2026-02-02T23:59:59+00:00
k8s:kep-5677,alpha,k8s:v1.36,k8s:sig-node,shipped,,,,2026-02-16T23:59:59+00:00,,2026-02-16T23:59:59+00:00,2026-02-16T23:59:59+00:00
k8s:kep-5679,alpha,k8s:v1.36,k8s:sig-autoscaling,unresolved,,,,,,,2026-02-16T23:59:59+00:00
k8s:kep-5681,alpha,k8s:v1.36,k8s:sig-auth,slipped,,,,,,,2026-02-16T23:59:59+00:00
k8s:kep-5707,deprecated,k8s:v1.36,k8s:sig-network,shipped,,,2026-02-23T23:59:59+00:00,,,,2026-02-16T23:59:59+00:00
k8s:kep-5710,alpha,k8s:v1.36,k8s:sig-scheduling,shipped,,,,,,2026-02-09T23:59:59+00:00,2026-02-09T23:59:59+00:00
k8s:kep-5729,alpha,k8s:v1.36,k8s:sig-scheduling,shipped,,,,2026-02-16T23:59:59+00:00,,2026-02-16T23:59:59+00:00,2026-02-16T23:59:59+00:00
k8s:kep-5732,alpha,k8s:v1.36,k8s:sig-scheduling,shipped,,,,,,2026-02-09T23:59:59+00:00,2026-02-09T23:59:59+00:00
k8s:kep-5793,alpha,k8s:v1.36,k8s:sig-api-machinery,shipped,,,,,,2026-02-16T23:59:59+00:00,2026-02-16T23:59:59+00:00
k8s:kep-5808,alpha,k8s:v1.36,k8s:sig-instrumentation,shipped,,,,2026-02-16T23:59:59+00:00,,2026-02-16T23:59:59+00:00,2026-02-16T23:59:59+00:00
k8s:kep-5825,alpha,k8s:v1.36,k8s:sig-node,shipped,,,,,,2026-02-16T23:59:59+00:00,2026-02-16T23:59:59+00:00
k8s:kep-5832,alpha,k8s:v1.36,k8s:sig-scheduling,shipped,,,,2026-02-16T23:59:59+00:00,,2026-02-16T23:59:59+00:00,2026-02-16T23:59:59+00:00
k8s:kep-5866,alpha,k8s:v1.36,k8s:sig-api-machinery,unresolved,,,,,,2026-02-16T23:59:59+00:00,2026-02-16T23:59:59+00:00
k8s:kep-5882,alpha,k8s:v1.36,k8s:sig-apps,unresolved,,,,,,,2026-02-09T23:59:59+00:00
k8s:kep-740,stable,k8s:v1.36,k8s:sig-auth,shipped,,,,,,,2026-02-09T23:59:59+00:00
k8s:kep-784,beta,k8s:v1.36,k8s:sig-network,unresolved,2026-01-12T23:59:59+00:00,2026-01-12T23:59:59+00:00,2026-02-23T23:59:59+00:00,2026-01-12T23:59:59+00:00,2026-01-12T23:59:59+00:00,,
k8s:kep-2021,beta,k8s:v1.37,k8s:sig-autoscaling,shipped,,,,,,2026-06-15T23:59:59+00:00,2026-06-15T23:59:59+00:00
k8s:kep-2033,beta,k8s:v1.37,k8s:sig-node,shipped,2026-05-18T23:59:59+00:00,2026-05-18T23:59:59+00:00,,,2026-05-18T23:59:59+00:00,2026-06-15T23:59:59+00:00,
k8s:kep-2371,beta,k8s:v1.37,k8s:sig-node,unresolved,2026-06-15T23:59:59+00:00,,,,2026-06-15T23:59:59+00:00,2026-06-15T23:59:59+00:00,2026-06-15T23:59:59+00:00
k8s:kep-2570,beta,k8s:v1.37,k8s:sig-node,shipped,,,,,2026-06-22T23:59:59+00:00,2026-06-22T23:59:59+00:00,2026-06-22T23:59:59+00:00
k8s:kep-2837,stable,k8s:v1.37,k8s:sig-node,shipped,2026-06-22T23:59:59+00:00,,,2026-06-22T23:59:59+00:00,,2026-06-22T23:59:59+00:00,2026-06-22T23:59:59+00:00
k8s:kep-3085,stable,k8s:v1.37,k8s:sig-node,unresolved,2026-06-22T23:59:59+00:00,,,2026-06-22T23:59:59+00:00,2026-06-22T23:59:59+00:00,2026-06-22T23:59:59+00:00,2026-06-22T23:59:59+00:00
k8s:kep-3257,stable,k8s:v1.37,k8s:sig-auth,shipped,,,,,,,2026-06-15T23:59:59+00:00
k8s:kep-3541,alpha,k8s:v1.37,k8s:sig-apps,shipped,2026-06-08T23:59:59+00:00,,,,2026-06-08T23:59:59+00:00,,2026-06-08T23:59:59+00:00
k8s:kep-3721,stable,k8s:v1.37,k8s:sig-node,unresolved,2026-05-18T23:59:59+00:00,2026-05-18T23:59:59+00:00,,,,2026-06-15T23:59:59+00:00,
k8s:kep-3926,beta,k8s:v1.37,k8s:sig-auth,shipped,,2026-06-15T23:59:59+00:00,,2026-06-15T23:59:59+00:00,2026-06-15T23:59:59+00:00,,2026-06-15T23:59:59+00:00
k8s:kep-4006,stable,k8s:v1.37,k8s:sig-api-machinery,unresolved,2026-05-18T23:59:59+00:00,2026-05-18T23:59:59+00:00,,2026-05-18T23:59:59+00:00,2026-05-18T23:59:59+00:00,2026-06-01T23:59:59+00:00,
k8s:kep-4020,stable,k8s:v1.37,k8s:sig-api-machinery,unresolved,2026-05-18T23:59:59+00:00,2026-05-18T23:59:59+00:00,2026-06-29T23:59:59+00:00,,2026-05-18T23:59:59+00:00,2026-06-01T23:59:59+00:00,
k8s:kep-4049,beta,k8s:v1.37,k8s:sig-storage,shipped,,,,2026-06-22T23:59:59+00:00,,,2026-06-22T23:59:59+00:00
k8s:kep-4188,beta,k8s:v1.37,k8s:sig-node,shipped,2026-05-18T23:59:59+00:00,2026-05-18T23:59:59+00:00,,,2026-05-18T23:59:59+00:00,2026-06-15T23:59:59+00:00,
k8s:kep-4192,stable,k8s:v1.37,k8s:sig-api-machinery,shipped,,2026-06-15T23:59:59+00:00,,,2026-05-18T23:59:59+00:00,2026-06-01T23:59:59+00:00,
k8s:kep-4222,beta,k8s:v1.37,k8s:sig-api-machinery,shipped,2026-05-18T23:59:59+00:00,,,2026-05-18T23:59:59+00:00,,2026-06-01T23:59:59+00:00,
k8s:kep-4317,stable,k8s:v1.37,k8s:sig-auth,shipped,,,,,,,2026-06-15T23:59:59+00:00
k8s:kep-4438,alpha,k8s:v1.37,k8s:sig-node,unresolved,,,,2026-06-08T23:59:59+00:00,2026-06-08T23:59:59+00:00,2026-06-15T23:59:59+00:00,2026-06-08T23:59:59+00:00
k8s:kep-4671,beta,k8s:v1.37,k8s:sig-scheduling,shipped,,,,2026-05-18T23:59:59+00:00,2026-05-18T23:59:59+00:00,2026-05-18T23:59:59+00:00,
k8s:kep-4680,stable,k8s:v1.37,k8s:sig-node,shipped,2026-05-18T23:59:59+00:00,2026-05-18T23:59:59+00:00,2026-06-29T23:59:59+00:00,,2026-05-18T23:59:59+00:00,2026-06-15T23:59:59+00:00,
k8s:kep-4762,stable,k8s:v1.37,k8s:sig-network,shipped,2026-05-18T23:59:59+00:00,2026-05-18T23:59:59+00:00,,2026-05-18T23:59:59+00:00,,,
k8s:kep-4817,stable,k8s:v1.37,k8s:sig-node,shipped,2026-06-15T23:59:59+00:00,,,2026-06-15T23:59:59+00:00,2026-06-15T23:59:59+00:00,2026-06-15T23:59:59+00:00,2026-06-15T23:59:59+00:00
k8s:kep-4827,stable,k8s:v1.37,k8s:sig-instrumentation,unresolved,2026-05-18T23:59:59+00:00,2026-05-18T23:59:59+00:00,2026-06-29T23:59:59+00:00,,2026-05-18T23:59:59+00:00,2026-06-22T23:59:59+00:00,
k8s:kep-4828,stable,k8s:v1.37,k8s:sig-instrumentation,unresolved,2026-05-18T23:59:59+00:00,2026-05-18T23:59:59+00:00,2026-06-29T23:59:59+00:00,,2026-05-18T23:59:59+00:00,2026-06-22T23:59:59+00:00,
k8s:kep-4872,alpha,k8s:v1.37,k8s:sig-auth,unresolved,,,,,2026-06-15T23:59:59+00:00,,2026-06-15T23:59:59+00:00
k8s:kep-4939,alpha,k8s:v1.37,k8s:sig-node,shipped,2026-06-01T23:59:59+00:00,,,2026-06-01T23:59:59+00:00,,2026-06-15T23:59:59+00:00,2026-06-01T23:59:59+00:00
k8s:kep-4951,stable,k8s:v1.37,k8s:sig-autoscaling,shipped,,,,,,2026-06-15T23:59:59+00:00,2026-06-15T23:59:59+00:00
k8s:kep-4960,beta,k8s:v1.37,k8s:sig-node,unresolved,,,,2026-06-15T23:59:59+00:00,,2026-06-15T23:59:59+00:00,2026-06-15T23:59:59+00:00
k8s:kep-5004,stable,k8s:v1.37,k8s:sig-scheduling,shipped,,2026-05-18T23:59:59+00:00,,2026-05-18T23:59:59+00:00,2026-05-18T23:59:59+00:00,2026-05-18T23:59:59+00:00,
k8s:kep-5007,stable,k8s:v1.37,k8s:sig-scheduling,unresolved,,2026-05-18T23:59:59+00:00,2026-06-29T23:59:59+00:00,,2026-05-18T23:59:59+00:00,2026-05-18T23:59:59+00:00,
k8s:kep-5030,beta,k8s:v1.37,k8s:sig-autoscaling,shipped,2026-05-18T23:59:59+00:00,2026-05-18T23:59:59+00:00,,2026-05-18T23:59:59+00:00,2026-05-18T23:59:59+00:00,2026-05-18T23:59:59+00:00,
k8s:kep-5055,stable,k8s:v1.37,k8s:sig-scheduling,shipped,2026-05-18T23:59:59+00:00,2026-05-18T23:59:59+00:00,,,,2026-05-18T23:59:59+00:00,
k8s:kep-5207,stable,k8s:v1.37,k8s:sig-instrumentation,shipped,,,,,,2026-06-22T23:59:59+00:00,2026-06-22T23:59:59+00:00
k8s:kep-5237,beta,k8s:v1.37,k8s:sig-cloud-provider,shipped,2026-05-18T23:59:59+00:00,2026-05-18T23:59:59+00:00,,,2026-05-18T23:59:59+00:00,,
k8s:kep-5278,stable,k8s:v1.37,k8s:sig-scheduling,unresolved,2026-05-18T23:59:59+00:00,2026-05-18T23:59:59+00:00,2026-06-29T23:59:59+00:00,2026-05-18T23:59:59+00:00,2026-05-18T23:59:59+00:00,2026-05-18T23:59:59+00:00,
k8s:kep-5295,stable,k8s:v1.37,k8s:sig-cli,shipped,,,,2026-06-08T23:59:59+00:00,,,2026-06-08T23:59:59+00:00
k8s:kep-5304,beta,k8s:v1.37,k8s:sig-node,shipped,2026-05-18T23:59:59+00:00,2026-05-18T23:59:59+00:00,,,,2026-06-15T23:59:59+00:00,
k8s:kep-5311,stable,k8s:v1.37,k8s:sig-network,shipped,2026-05-18T23:59:59+00:00,2026-05-18T23:59:59+00:00,,,2026-05-18T23:59:59+00:00,,
k8s:kep-5325,stable,k8s:v1.37,k8s:sig-autoscaling,unresolved,2026-05-18T23:59:59+00:00,2026-05-18T23:59:59+00:00,2026-06-29T23:59:59+00:00,,2026-05-18T23:59:59+00:00,2026-05-18T23:59:59+00:00,
k8s:kep-5328,stable,k8s:v1.37,k8s:sig-node,shipped,,,,2026-06-22T23:59:59+00:00,,2026-06-22T23:59:59+00:00,2026-06-22T23:59:59+00:00
k8s:kep-5343,alpha,k8s:v1.37,k8s:sig-network,shipped,,,,,,,2026-06-15T23:59:59+00:00
k8s:kep-5366,beta,k8s:v1.37,k8s:sig-api-machinery,shipped,,,,,,2026-06-08T23:59:59+00:00,2026-06-08T23:59:59+00:00
k8s:kep-5474,alpha,k8s:v1.37,k8s:sig-node,unresolved,,,,2026-06-22T23:59:59+00:00,,2026-06-22T23:59:59+00:00,2026-06-22T23:59:59+00:00
k8s:kep-5501,stable,k8s:v1.37,k8s:sig-scheduling,unresolved,2026-05-18T23:59:59+00:00,2026-05-18T23:59:59+00:00,2026-06-29T23:59:59+00:00,,,2026-05-18T23:59:59+00:00,
k8s:kep-5502,alpha,k8s:v1.37,k8s:sig-storage,shipped,,,,2026-06-22T23:59:59+00:00,,,2026-06-22T23:59:59+00:00
k8s:kep-5526,beta,k8s:v1.37,k8s:sig-node,shipped,2026-05-18T23:59:59+00:00,2026-05-18T23:59:59+00:00,,,2026-05-18T23:59:59+00:00,2026-06-15T23:59:59+00:00,
k8s:kep-5532,stable,k8s:v1.37,k8s:sig-node,shipped,2026-05-18T23:59:59+00:00,2026-05-18T23:59:59+00:00,2026-06-29T23:59:59+00:00,2026-05-18T23:59:59+00:00,,2026-06-15T23:59:59+00:00,
k8s:kep-5541,beta,k8s:v1.37,k8s:sig-storage,shipped,,,,,,,2026-06-22T23:59:59+00:00
k8s:kep-5554,alpha,k8s:v1.37,k8s:sig-node,shipped,,,,,2026-06-15T23:59:59+00:00,2026-06-15T23:59:59+00:00,2026-06-15T23:59:59+00:00
k8s:kep-5598,stable,k8s:v1.37,k8s:sig-scheduling,slipped,2026-05-18T23:59:59+00:00,,,,2026-05-18T23:59:59+00:00,2026-05-18T23:59:59+00:00,
k8s:kep-5647,beta,k8s:v1.37,k8s:sig-api-machinery,shipped,2026-06-01T23:59:59+00:00,,,,2026-06-01T23:59:59+00:00,2026-06-01T23:59:59+00:00,2026-06-01T23:59:59+00:00
k8s:kep-5679,beta,k8s:v1.37,k8s:sig-autoscaling,unresolved,2026-05-18T23:59:59+00:00,2026-05-18T23:59:59+00:00,2026-06-29T23:59:59+00:00,,,2026-05-18T23:59:59+00:00,
k8s:kep-5681,alpha,k8s:v1.37,k8s:sig-auth,shipped,,,,,2026-06-15T23:59:59+00:00,,2026-06-15T23:59:59+00:00
k8s:kep-5683,alpha,k8s:v1.37,k8s:sig-node,unresolved,,,,2026-06-22T23:59:59+00:00,,2026-06-22T23:59:59+00:00,2026-06-22T23:59:59+00:00
k8s:kep-5710,beta,k8s:v1.37,k8s:sig-scheduling,shipped,2026-05-18T23:59:59+00:00,,,,,2026-05-18T23:59:59+00:00,
k8s:kep-5729,beta,k8s:v1.37,k8s:sig-scheduling,shipped,,,,2026-06-22T23:59:59+00:00,,2026-06-22T23:59:59+00:00,2026-06-22T23:59:59+00:00
k8s:kep-5732,beta,k8s:v1.37,k8s:sig-scheduling,shipped,2026-05-18T23:59:59+00:00,2026-05-18T23:59:59+00:00,,,,2026-05-18T23:59:59+00:00,
k8s:kep-5758,alpha,k8s:v1.37,k8s:sig-node,unresolved,,,,,2026-06-15T23:59:59+00:00,2026-06-15T23:59:59+00:00,2026-06-15T23:59:59+00:00
k8s:kep-5793,beta,k8s:v1.37,k8s:sig-api-machinery,shipped,,,,,,2026-06-15T23:59:59+00:00,2026-06-15T23:59:59+00:00
k8s:kep-5808,beta,k8s:v1.37,k8s:sig-instrumentation,shipped,,,,2026-06-15T23:59:59+00:00,,2026-06-22T23:59:59+00:00,2026-06-15T23:59:59+00:00
k8s:kep-5832,beta,k8s:v1.37,k8s:sig-scheduling,unresolved,2026-05-18T23:59:59+00:00,2026-06-22T23:59:59+00:00,2026-06-29T23:59:59+00:00,2026-05-18T23:59:59+00:00,,2026-05-18T23:59:59+00:00,
k8s:kep-5836,alpha,k8s:v1.37,k8s:sig-scheduling,shipped,,,,2026-06-15T23:59:59+00:00,,2026-06-15T23:59:59+00:00,2026-06-15T23:59:59+00:00
k8s:kep-5855,alpha,k8s:v1.37,k8s:sig-node,shipped,,,,2026-06-15T23:59:59+00:00,,2026-06-15T23:59:59+00:00,2026-06-15T23:59:59+00:00
k8s:kep-5894,alpha,k8s:v1.37,k8s:sig-node,unresolved,,,,2026-06-22T23:59:59+00:00,,2026-06-22T23:59:59+00:00,2026-06-22T23:59:59+00:00
k8s:kep-5936,alpha,k8s:v1.37,k8s:sig-storage,shipped,,,,,,,2026-06-15T23:59:59+00:00
k8s:kep-5941,alpha,k8s:v1.37,k8s:sig-scheduling,unresolved,,,,2026-06-22T23:59:59+00:00,,2026-06-22T23:59:59+00:00,2026-06-22T23:59:59+00:00
k8s:kep-5943,alpha,k8s:v1.37,k8s:sig-storage,unresolved,,,,2026-06-22T23:59:59+00:00,,,2026-06-22T23:59:59+00:00
k8s:kep-5945,alpha,k8s:v1.37,k8s:sig-node,shipped,,,,,,2026-06-22T23:59:59+00:00,2026-06-22T23:59:59+00:00
k8s:kep-5963,alpha,k8s:v1.37,k8s:sig-scheduling,shipped,,,,2026-06-15T23:59:59+00:00,,2026-06-15T23:59:59+00:00,2026-06-15T23:59:59+00:00
k8s:kep-5966,beta,k8s:v1.37,k8s:sig-etcd,shipped,2026-05-25T23:59:59+00:00,,,2026-05-25T23:59:59+00:00,,,
k8s:kep-5975,stable,k8s:v1.37,k8s:sig-api-machinery,shipped,2026-06-01T23:59:59+00:00,,,2026-06-01T23:59:59+00:00,,2026-06-01T23:59:59+00:00,2026-06-01T23:59:59+00:00
k8s:kep-5978,alpha,k8s:v1.37,k8s:sig-node,shipped,,,,,,2026-06-22T23:59:59+00:00,2026-06-22T23:59:59+00:00
k8s:kep-5996,alpha,k8s:v1.37,k8s:sig-node,shipped,,,,,,2026-06-22T23:59:59+00:00,2026-06-22T23:59:59+00:00
k8s:kep-5999,alpha,k8s:v1.37,k8s:sig-node,shipped,,,,2026-06-15T23:59:59+00:00,,2026-06-15T23:59:59+00:00,2026-06-15T23:59:59+00:00
k8s:kep-6012,alpha,k8s:v1.37,k8s:sig-scheduling,shipped,,,,2026-06-15T23:59:59+00:00,,2026-06-15T23:59:59+00:00,2026-06-15T23:59:59+00:00
k8s:kep-6030,alpha,k8s:v1.37,k8s:sig-node,shipped,,,,2026-06-15T23:59:59+00:00,,2026-06-15T23:59:59+00:00,2026-06-15T23:59:59+00:00
k8s:kep-6032,alpha,k8s:v1.37,k8s:sig-network,shipped,,,,,,,2026-06-15T23:59:59+00:00
k8s:kep-6035,alpha,k8s:v1.37,k8s:sig-node,unresolved,,,,2026-06-22T23:59:59+00:00,,2026-06-22T23:59:59+00:00,2026-06-22T23:59:59+00:00
k8s:kep-6063,alpha,k8s:v1.37,k8s:sig-node,unresolved,,,,,,2026-06-15T23:59:59+00:00,2026-06-15T23:59:59+00:00
k8s:kep-6080,alpha,k8s:v1.37,k8s:sig-scheduling,shipped,,,,2026-06-15T23:59:59+00:00,,2026-06-15T23:59:59+00:00,2026-06-15T23:59:59+00:00
k8s:kep-6089,alpha,k8s:v1.37,k8s:sig-scheduling,shipped,,,,2026-06-22T23:59:59+00:00,,2026-06-22T23:59:59+00:00,2026-06-22T23:59:59+00:00
k8s:kep-6122,alpha,k8s:v1.37,k8s:sig-node,unresolved,,,,,,2026-06-22T23:59:59+00:00,2026-06-22T23:59:59+00:00
k8s:kep-6164,stable,k8s:v1.37,k8s:sig-api-machinery,shipped,,,,,,2026-06-15T23:59:59+00:00,2026-06-15T23:59:59+00:00
